seed,case,x1_nm,y1_nm,x2_nm,y2_nm,h1_deg,h2_deg,s1_kt,s2_kt,grid_t_s,grid_d_nm,initial_loss,production_current,expected_prediction,production_prediction,ambiguous_boundary,agreement,reported_t_s,reported_d_nm
42,0,43.832967768954134,-9.779449639671626,57.375667185821186,31.57888464949822,33.90384523955383,351.22404658923216,454.4558807961412,464.4257221107815,32.5,43.41439841948316,False,False,False,False,False,True,,
42,1,-59.50181877191266,-7.938249936709255,-20.672316122787002,68.28239821577628,231.79144322903923,296.1941807774988,327.3656795309324,240.89548871391077,0.0,85.54132031225292,False,False,False,False,False,True,,
42,2,8.733565922533572,-69.78923902333194,52.42098751881312,21.06630385953038,272.9115864307346,127.62934852675261,538.2792097579613,507.24844852887907,0.0,100.81329514637792,False,False,False,False,False,True,,
42,3,44.5413595318019,-48.85780674368519,-5.324639403674524,-72.9913974740434,55.544217144317216,245.89762316728365,447.9048623631269,537.0038929736841,0.0,55.39898962412011,False,False,False,False,False,True,,
42,4,-27.867942697895685,-20.72644703442098,-4.871070195870729,-49.68458254651429,46.77174192076979,171.25377344133614,240.76373962035365,417.92559787300416,0.0,36.978774414671335,False,False,False,False,False,True,,
42,5,-10.055692980427082,53.228511369253994,32.04241632035986,-30.021337378873426,299.6135285022724,289.7151686988487,304.9913516120698,265.3312415720976,0.0,93.28873524326019,False,False,False,False,False,True,,
42,6,29.199280635996075,-57.63960262251043,-48.014687603982665,-78.82203683983911,283.2927759007698,239.34630837313156,432.06615145053405,462.29161240878716,0.0,80.06679967836796,False,False,False,False,False,True,,
42,7,-6.573475913865607,10.998591352462995,-57.63248029957481,-61.675188234244246,240.62506624456978,169.5946342115277,376.0944425924755,455.9995429664102,26.5,88.74455648401948,False,False,False,False,False,True,,
42,8,21.55493120009453,8.572704105279328,9.47314571926617,-31.36798430998205,11.094420444458187,157.21826012365045,235.83386912781168,313.41145748985446,0.0,41.72802573199156,False,False,False,False,False,True,,
42,9,56.54449172290657,-42.56968226154548,-70.67156132974944,-34.97857727648055,105.6937527960061,238.28994530168222,372.81286093651136,463.5592836425654,0.0,127.4423360943704,False,False,False,False,False,True,,
42,10,26.29016645238201,-14.978102169588709,50.24326154656555,-53.284332814767374,8.176346328189773,32.41722987923103,438.9437402385801,334.75089210055495,0.0,45.178734719252866,False,False,False,False,False,True,,
42,11,-54.19651535462371,0.16716401653816604,-55.63006356589305,31.411260012437765,160.61625920665105,137.1676413947337,270.6048356591506,402.1130372475554,153.25,30.238306980171892,False,False,False,False,False,True,,
42,12,-22.10998231145753,-65.97601290942384,-61.11905566071755,73.90362632792232,327.0890486547385,251.89456817186985,256.34798458380783,537.6705509390895,300.0,128.71352051176848,False,False,False,False,False,True,,
42,13,44.60014463452714,34.70243026543929,-8.10215965699382,-36.44135010477456,34.70074637525975,324.936862755783,332.31051593344444,230.94534591809213,0.0,88.53796001151875,False,False,False,False,False,True,,
42,14,-31.046940135895596,12.675131030703355,-51.71635472972292,57.058285454780076,273.06703074067565,259.00666414233723,322.8372159100415,400.92353628097726,300.0,45.224113836191925,False,False,False,False,False,True,,
42,15,13.455675026037696,23.975456248771195,-66.48890861761774,-13.470815652702456,14.981102590281292,177.83669492802682,281.94448493311415,207.80967554641876,0.0,88.28000755140721,False,False,False,False,False,True,,
42,16,-63.45552516439174,14.023131548433923,-52.705125034098224,68.01921894028754,209.1820102921422,124.87312963254135,386.36619659256667,159.121548411879,0.0,55.05586759456351,False,False,False,False,False,True,,
42,17,73.36947411863125,-2.8314500891359557,45.2376363600458,-66.76320001240983,175.19699910173773,176.65451796762753,525.1305819899931,378.6912209504302,300.0,59.86185323728885,False,False,False,False,False,True,,
42,18,-4.241695830887394,-37.28389390529703,-26.94896042519165,3.3075843954460424,158.0081257098168,7.780348756918953,480.5167696777431,508.4643087359067,0.0,46.51115969308268,False,False,False,False,False,True,,
42,19,-57.56014576022228,8.645782966247907,-62.62788141832903,27.558414886369874,101.244162182043,237.39214848908463,440.79784571475307,457.4589967670628,0.0,19.579826118902666,False,False,False,False,False,True,,
42,20,-62.761448647056554,66.56189522201726,-43.16576145681907,-74.01399101181124,199.74688898093402,133.53202219047796,481.91589725296524,473.30058882572075,106.05000000000001,141.1002676176091,False,False,False,False,False,True,,
42,21,-29.257777148365548,72.46390321115919,-33.453145897581024,2.4091406770743333,92.14743260433698,336.9756852176268,215.84312703280727,167.9642477569316,300.0,62.899229705322306,False,False,False,False,False,True,,
42,22,-10.38447039951393,78.78009024893393,62.668362600786224,39.77728311311188,320.68529671626897,321.64079029123076,357.5433441545796,276.3716207323172,0.0,82.81265225703059,False,False,False,False,False,True,,
42,23,43.521989137758084,25.86580210684177,-20.214763380206392,-64.88533311015756,268.84426008564935,94.48578573223128,524.7252602135118,246.3882300022739,293.05,91.46412533697861,False,False,False,False,False,True,,
42,24,-60.358730814162236,52.97802753998499,-55.47450934008096,-51.317070694761746,215.77780494750365,314.84233470148723,228.5738662858293,274.1294691600379,300.0,72.7332770097192,False,False,False,False,False,True,,
42,25,44.38477411858841,75.49222816975478,0.11858979237476319,-56.976399591799876,5.017063574952556,82.6761707995879,202.72888711460843,421.06346944514297,0.0,139.66901021998996,False,False,False,False,False,True,,
42,26,-60.50679925943502,1.0127890593012836,31.081989702861833,12.978657475344377,71.91923459762074,289.4848294256146,436.1628518463207,445.5936015662167,300.0,25.616411132529272,False,False,False,False,False,True,,
42,27,-59.03075975082988,-60.19939141594486,68.41000816104122,-16.387488988009494,108.34152904113832,175.890256326552,415.14568510543296,532.249302818788,300.0,98.3392592007118,False,False,False,False,False,True,,
42,28,-34.168603698871195,67.96934868992435,-76.02248137819899,8.831686772291945,228.23104020519065,38.12306535027118,206.13583882556506,317.6457277265215,300.0,29.72111910053186,False,False,False,False,False,True,,
42,29,74.59710594290908,15.36680851749965,69.2837154560338,48.69774649807533,168.25737655990494,282.51484173078745,157.1347135907951,193.65759870629398,0.0,33.75179321356125,False,False,False,False,False,True,,
42,30,52.70857838123783,47.49073413202588,-42.77748128537061,4.923134495848558,218.16569545200394,312.386023359364,391.2428629354903,315.0286277094721,300.0,94.73269012237981,False,False,False,False,False,True,,
42,31,-20.130553054850765,-11.858866180238422,24.30896409279586,58.79850108037198,163.4028775474679,89.22224266248892,244.66494519903245,448.40571209737857,0.0,83.47055907633994,False,False,False,False,False,True,,
42,32,50.651002147825665,-63.15550722334001,-69.3505828871715,15.109386201032294,52.622367909371384,296.8791085642829,274.1338695696298,207.54877318845706,0.0,143.26818891030908,False,False,False,False,False,True,,
42,33,67.35527559799203,-53.514924362355494,-34.44478682593031,-55.42185676927062,41.576422919527786,7.613285881118412,172.15816366570405,219.85658837434107,0.0,101.81792131407431,False,False,False,False,False,True,,
42,34,-71.45889077965194,14.583010577755402,28.91432428792102,-17.019126906875485,114.4767949027378,181.62944532800284,500.00197689384345,490.4526507288824,300.0,82.47785189836519,False,False,False,False,False,True,,
42,35,-73.04399007795328,-50.960254464556144,-42.12082062329664,-40.09798786684611,205.64375462739818,149.85447325314922,169.7016479710376,299.44565538382864,0.0,32.77546711735985,False,False,False,False,False,True,,
42,36,3.8004717948219593,-63.73249553540545,53.35336860616957,-71.68610136558331,332.94307284650233,35.68073096875518,487.4299806391011,511.06125757104684,0.0,50.18714405201698,False,False,False,False,False,True,,
42,37,76.73130889385482,48.324140843774956,44.71640652341263,22.797324159287626,280.43868764812646,48.43879502873295,364.42721437905493,355.6891480761658,209.10000000000002,16.225291609370856,False,False,False,False,False,True,,
42,38,57.2115430596092,-5.9521015050374615,-18.385680623943443,22.330123397937612,95.92679430030458,50.31662794342447,341.1509096094983,316.755747437954,0.0,80.71446260815688,False,False,False,False,False,True,,
42,39,-42.78880951538021,-21.198110381579518,-21.377208027800414,-27.600709693992727,136.60706870169443,246.86760436414033,268.75058982851414,529.5431706861361,114.10000000000001,6.807693928871951,False,False,False,False,False,True,,
42,40,66.61568312610848,-3.0543314719874246,-27.46220719924979,5.669566372800503,305.48177595850484,234.93144260163675,471.756731178831,363.0889104262961,185.60000000000002,91.03751919627118,False,False,False,False,False,True,,
42,41,21.266820682819315,-33.895101730806125,37.58290596964653,-47.615265099885065,250.12732637465936,309.8588645973219,202.84113492061758,395.75189621676793,193.20000000000002,10.86147742441563,False,False,False,False,False,True,,
42,42,-64.78468028321046,36.114500523428305,-66.48108498823676,69.75037163210015,49.46685481360878,345.1968885272689,470.3536704340387,387.47280178654165,0.0,33.67862250987147,False,False,False,False,False,True,,
42,43,45.21985674072751,47.218374237293744,71.36433005077285,-39.45866338573005,212.4273223289913,34.21771112318444,396.46628000964853,218.51652163711552,300.0,69.56584445975929,False,False,False,False,False,True,,
42,44,10.392097835590704,11.58888224541596,-5.442375523003619,3.6210840820996424,275.0124204023717,287.728097944344,346.8612862301717,389.8373766090449,125.65,17.43230660207742,False,False,False,False,False,True,,
42,45,68.99779771041631,-60.84262583982035,-61.26342945598232,-65.96655809427705,236.83078261459002,150.6989882845366,459.7285664567373,418.492565323437,300.0,82.42456168591494,False,False,False,False,False,True,,
42,46,-26.617958667481894,63.73864757784571,42.00514353130437,-36.71440945437189,131.10912639793943,113.19839287353464,213.04465944999987,209.11334901687667,300.0,119.27432180457973,False,False,False,False,False,True,,
42,47,69.78039414011906,-9.935354048199486,-18.668828355614423,36.74971338838047,199.07750349104398,337.0103952618464,462.12059756375686,341.74782564981615,0.0,100.013801455888,False,False,False,False,False,True,,
42,48,-19.782484243067806,77.86104718789153,34.841637760582955,72.19114560061459,42.65228779813489,306.19212450868173,404.82955359648304,198.76867133404502,300.0,27.69542535250735,False,False,False,False,False,True,,
42,49,14.121279995075312,29.775418416871815,-78.03157025782355,-7.3091261053205585,297.1438240306756,106.32924912387236,333.41923271942045,326.92565082715726,300.0,70.720706644644,False,False,False,False,False,True,,
42,50,-31.691617369201346,66.95070328248869,45.00704566904254,-62.305854240622324,358.9324768215263,316.5120087507883,263.56337514561557,484.7586318643753,300.0,131.50172519370642,False,False,False,False,False,True,,
42,51,-62.972874900578745,79.85675687587818,26.5095577770459,24.020002489407517,32.55866171428779,322.9320236027851,161.59980128178776,246.33122321645882,300.0,86.3834458416836,False,False,False,False,False,True,,
42,52,-57.1164999733384,44.282870510754975,-48.28732364593634,65.70211634094164,236.25685415789644,13.018575778090637,152.17193365148017,170.66316680575957,0.0,23.167616333026707,False,False,False,False,False,True,,
42,53,16.94802842363643,48.23708973750644,-41.83154869961784,55.90541486769166,20.60349845517374,288.34698731100343,521.1181720689121,458.8433596417522,0.0,59.277667777088084,False,False,False,False,False,True,,
42,54,31.699325436581944,54.07683498486131,-73.57579207246937,-47.71486228495114,44.97252455003151,181.63115646947514,448.0752513315378,402.00473783055946,0.0,146.43906582470984,False,False,False,False,False,True,,
42,55,56.18097596190961,-55.16592120942546,37.53937470962585,-49.11336146097534,97.47315047440809,255.5656910212694,542.0819139594728,394.6174423908278,0.0,19.59956062664942,False,False,False,False,False,True,,
42,56,-71.2799496013927,18.609435188405257,-73.22391174717326,61.46331381869075,255.44818263622346,62.32602471210116,186.68840232967923,223.4132915521276,0.0,42.89794753229422,False,False,False,False,False,True,,
42,57,76.80434872867079,-6.630297206641629,45.45295173462527,21.825334737244305,206.06873398510945,52.24689167941789,528.409781423238,270.5370530058872,0.0,42.33949790448805,False,False,False,False,False,True,,
42,58,12.482754529206744,31.964151134250585,23.87730483924942,70.49510555128296,53.438036371220875,183.00698584089915,311.6137562963064,339.66749179304725,241.25,7.381779815246377,False,False,False,False,False,True,,
42,59,-60.92519580836086,-58.544862420357546,-35.50791267499882,-31.247263398266995,154.045156925286,219.95551693318617,403.8516469673052,314.7243586342281,143.25,33.76947094682316,False,False,False,False,False,True,,
42,60,-14.59470249140847,-45.179435728486084,14.12899974544132,-29.27345418924194,12.981540339850932,150.62401589646973,339.65307003606813,240.2371472816844,90.75,29.85862335267641,False,False,False,False,False,True,,
42,61,11.593269299538505,10.523504069107346,32.32034897765942,23.671757152193607,234.87590034757136,113.83709465665552,464.97288879438156,369.6577534398718,0.0,24.545638942998824,False,False,False,False,False,True,,
42,62,-10.97308877121759,20.161996950569133,-22.294826487959313,2.038279137081318,265.2140478535993,319.10503922053476,518.4228789180767,351.4531700732397,179.3,4.023857590777674,False,False,False,False,False,True,,
42,63,3.244018358491047,47.97926572221384,-29.687889320927795,53.98117797521098,177.89099274627245,41.70842076069662,178.82365882917748,486.79728441578527,65.65,31.453250215106053,False,False,False,False,False,True,,
42,64,-71.10913329489954,-35.10217021861506,-26.539193519752672,-52.32088876934499,113.00161312871612,267.3693240210308,155.8731374240283,480.8693698082746,262.35,14.41608418301106,False,False,False,False,False,True,,
42,65,57.047683771929314,-20.43814828935229,-55.421936150298436,16.134465271212946,43.08212011136196,131.3709699881709,533.371672360389,548.1857890334549,208.0,109.96497056730006,False,False,False,False,False,True,,
42,66,43.53678261673369,-30.246158412677403,30.0264078665748,32.865018477442035,139.62301025891392,230.71990845101737,154.2910579902705,233.6230634408966,0.0,64.54107896793853,False,False,False,False,False,True,,
42,67,4.01412847476179,-53.79979131867266,-53.45490113975462,53.80868648803806,356.087880966098,200.14899409024142,485.62789235268536,546.128665730509,300.0,74.52963529316445,False,False,False,False,False,True,,
42,68,-57.34465782899605,-8.28070187930382,-17.18836546529282,-67.1921146166104,271.91886220610803,156.16044983613347,337.73077367616054,210.26918952529607,0.0,71.2957387724154,False,False,False,False,False,True,,
42,69,-51.0517356430611,65.13657954499439,-72.85614576411538,-42.743634409007,105.1413589132302,176.4711152645711,384.5780692059184,347.31599034026664,0.0,110.06167754258632,False,False,False,False,False,True,,
42,70,-66.54154647089888,-41.01320735108583,54.974141562006594,22.014192076553456,233.69365804833876,241.27317192648778,455.16120761581163,173.24339268857892,0.0,136.88869754921913,False,False,False,False,False,True,,
42,71,-21.342658410782022,6.324389641868592,-25.846962672427836,55.116619725949846,173.7261030914258,276.7059322053765,490.80620675246763,351.9165931613992,0.0,48.99969870784314,False,False,False,False,False,True,,
42,72,65.52835901941597,13.9398304859169,56.043887813395486,-25.505472705356112,179.57410507133469,191.30797476164798,191.99188635842825,309.42100268061625,0.0,40.56953460306495,False,False,False,False,False,True,,
42,73,66.77402760826817,20.933158458358776,-51.5989468100852,-25.783098302463202,68.97708347857194,8.936327447486114,520.9841834016106,329.2829313027486,0.0,127.25788666480042,False,False,False,False,False,True,,
42,74,-30.794388412674216,15.75635064923786,-78.82968699311749,-35.51646294386978,253.09204765160132,228.15711830493467,542.7223790170142,398.1430838632176,300.0,67.07802719210896,False,False,False,False,False,True,,
42,75,-3.599060219562759,41.82921010944122,64.5324595142485,35.31135147493626,346.75604047777665,281.52186146574377,496.7205753047706,195.6416284734549,42.650000000000006,68.23370572531374,False,False,False,False,False,True,,
42,76,37.186160479006034,-9.585808075621017,8.496608385804038,24.656385517177085,349.13344201400497,354.44810931538484,265.2912981951621,443.50139897516647,0.0,44.67234291320766,False,False,False,False,False,True,,
42,77,39.99736606964298,-24.56114218991219,-60.18083602172464,-73.44848635428484,279.8435259105043,176.29190705408612,544.2160677979705,335.9893824774612,254.35000000000002,99.78113563065024,False,False,False,False,False,True,,
42,78,76.46671665181444,-14.147839648950423,46.98914408959561,-66.42891643010687,199.966215649595,288.74152331486073,519.8806668879554,479.03323624697265,187.35000000000002,47.72388948434292,False,False,False,False,False,True,,
42,79,-74.08468364781213,-20.367625390922527,-72.2082444297838,-62.514833421670716,243.11002632029428,256.7729506722113,459.48827310065053,496.18261922226515,300.0,34.54938757209626,False,False,False,False,False,True,,
42,80,38.309034956241575,48.13945473706113,-72.16580642827532,-42.474375929392224,223.8831984150885,308.9251096649363,151.80004997586366,355.8517368465399,287.7,139.71168955017498,False,False,False,False,False,True,,
42,81,28.365983898303554,-75.2628337394219,-15.78311079145793,63.301581021391485,241.78061118810913,85.55701080981504,491.11245185276505,289.21256936380576,0.0,145.4277813897064,False,False,False,False,False,True,,
42,82,56.53514738304952,-32.16901582097512,14.451240141303842,-16.489589160346547,98.93701827182413,319.1607223818729,225.03747277579652,183.92463649430525,0.0,44.90990613592823,False,False,False,False,False,True,,
42,83,-25.291689832694345,34.82226362265081,49.189056956205064,79.79893921068236,106.69034052401938,146.8591024072616,204.7285112118505,379.9487718492134,300.0,78.98354843613818,False,False,False,False,False,True,,
42,84,79.61280596206674,32.14096161930536,15.234054466139483,-17.22094513251296,329.5075537027997,178.8899746069258,203.7467653252246,296.15138527965337,0.0,81.12472793390165,False,False,False,False,False,True,,
42,85,-69.2533329843573,-47.68335396979495,-77.17299504001404,-7.47521335997385,228.434495382647,123.58528645640679,318.1527086021108,533.6837091378304,66.9,38.93740396730866,False,False,False,False,False,True,,
42,86,40.31409945198648,6.537061911192197,-34.47345998210796,63.519487803679226,84.63496207703741,117.12338298600375,513.6259257691794,361.8168221140289,0.0,94.02220964591815,False,False,False,False,False,True,,
42,87,38.770871906876266,14.519167066202584,24.550273441519224,-32.09867335762791,86.89394218559865,116.0972449807195,212.17662563336899,499.72574611632297,0.0,48.73857267600929,False,False,False,False,False,True,,
42,88,-34.680490679981745,9.838303106301538,46.71590802261986,45.411857500114166,157.81905309030944,171.45263109122124,547.8806995740099,419.8389907916096,300.0,81.74103847923043,False,False,False,False,False,True,,
42,89,50.342150898861235,64.40863507507711,46.01437379669427,-50.37130480742918,202.381464145526,36.68189663323616,411.16885062559936,532.1397712751244,300.0,59.153841350723816,False,False,False,False,False,True,,
42,90,2.0371302880178064,-10.724401141157244,-74.2651597730939,73.56392357267526,37.08096628685716,14.788473589744896,248.4266446019754,176.21217356735298,0.0,113.69503573874496,False,False,False,False,False,True,,
42,91,-7.1811452141180325,2.574048201137984,-29.988808155426568,-71.84632278801823,40.17613256972161,138.42157607637412,174.21138033061445,429.27589024396536,0.0,77.83688782966584,False,False,False,False,False,True,,
42,92,-46.87671335603008,-31.668548994617836,-16.9398756515044,-13.342458708936334,0.5978547629281916,40.34533355953111,495.1058254963512,150.49322500476325,98.9,33.41305324613508,False,False,False,False,False,True,,
42,93,1.3067769300600105,-1.6796789588467078,-26.70493423829795,-10.987676776568065,281.0092095095703,302.8333342373843,254.13941736610002,278.99617638709196,300.0,26.769164803129645,False,False,False,False,False,True,,
42,94,-41.202743515466764,-3.2218559118295786,29.321337225410076,-43.47953992585271,119.064867139752,334.93846233209416,169.42771593878322,334.30784209582646,300.0,47.09503639772403,False,False,False,False,False,True,,
42,95,33.84928665548445,-55.92735815080415,-72.4201567991229,-57.88714053783508,330.7763496710458,3.333521455604429,225.32878992454073,162.5134051606578,300.0,96.43535414986317,False,False,False,False,False,True,,
42,96,-62.29928519004748,19.223885860527403,-41.337774601746275,11.073928068908288,212.47033779580542,305.79671991232044,151.89655716474957,491.3477837369467,132.20000000000002,11.723205521393265,False,False,False,False,False,True,,
42,97,19.05905382831584,-53.96104222320679,43.669982101645445,56.87864668649371,91.53485415149663,330.7657251249651,331.7829721194631,391.3697817333286,0.0,113.53913170389387,False,False,False,False,False,True,,
42,98,77.54392537882299,-22.15422741772811,50.105495331218066,-29.056141147446453,287.71686800693675,216.2642107905513,236.54227809016058,315.61043751569457,0.0,28.293176856086404,False,False,False,False,False,True,,
42,99,-29.178298501830128,-67.50265710714177,-75.2264367840484,-24.563415134851056,6.852293214295169,59.57559272943901,440.07332834034753,433.23649427343514,300.0,31.428786476536683,False,False,False,False,False,True,,
42,100,38.17286183318123,-29.255492619203395,62.40311313883129,15.012887684551615,45.36948302878555,51.738718123992285,427.2381707718806,219.1775745768312,300.0,33.30859692797207,False,False,False,False,False,True,,
42,101,1.1668322531269268,78.68391614859371,-79.35878324266568,-77.34723169639089,357.51044949498237,210.46998028829958,200.76399020740524,508.9208799016375,0.0,175.58500462397032,False,False,False,False,False,True,,
42,102,60.86084802043075,5.79206609782004,19.48672477772105,-36.290049359859786,18.187090693921853,214.04433920071116,267.9020772811052,415.4484186641408,0.0,59.01459578355533,False,False,False,False,False,True,,
42,103,53.7992282948162,-77.09431297370175,15.314203949716386,-42.99511365010364,314.5998592453685,91.31922236225826,394.3080532941673,371.41633603584455,247.45000000000002,15.806421150886523,False,False,False,False,False,True,,
42,104,-16.613359990520173,28.419322175967054,36.12314155446941,10.710047251101884,273.03200538651146,354.0301473574575,317.70895516032203,355.83322075421233,0.0,55.63054029549908,False,False,False,False,False,True,,
42,105,-78.00481952940588,47.36456900966054,3.236810727359014,-14.726171142309568,33.86590671218249,320.276311803143,308.00289601622256,423.0326392836881,300.0,71.69816946376709,False,False,False,False,False,True,,
42,106,-56.10013498109588,73.84794072656521,-51.44931810850706,-48.07328113608154,309.23382980077696,328.5297878910952,234.85896300932058,337.9203552699312,300.0,110.4002609375079,False,False,False,False,False,True,,
42,107,37.359184730052775,60.53851740972826,-19.351568794031166,2.723117895908672,267.01790778710455,263.20895159500634,463.18405201043396,377.97352745661055,300.0,77.38525808049359,False,False,False,False,False,True,,
42,108,-63.26158451123597,64.63572654048642,58.49160629136452,47.69558973093328,35.95049177786262,73.58305214931451,447.4401460430608,159.2560378327786,255.85000000000002,120.58823403342757,False,False,False,False,False,True,,
42,109,76.67594139316475,-19.65685114309109,35.09000539053177,62.01137415808694,142.0667597340296,114.88769589587977,393.4964515592987,382.3957494992203,0.0,91.64654438143896,False,False,False,False,False,True,,
42,110,-14.537603580032453,16.28396093883336,69.66101913063915,-5.177558939744557,70.82718507022727,135.7941538378814,307.64279303724743,202.44347721048794,300.0,83.1227596940871,False,False,False,False,False,True,,
42,111,-53.940559911271215,29.529931742988367,-25.68355932657557,72.78374269692921,87.69482832909867,35.612821837736035,451.4018252001032,502.41442076714804,0.0,51.665755042220596,False,False,False,False,False,True,,
42,112,-35.501862900561946,-47.66590373672352,-50.27741842062605,3.521968218641973,168.62999084883754,93.39834234763232,168.06924679577054,342.5965361305123,0.0,53.27771838438082,False,False,False,False,False,True,,
42,113,73.49317562169733,24.403072120426117,-0.7189509394210489,-62.289268155261425,90.87706459785142,106.11862184683538,455.9214210428937,500.6843189058477,0.0,114.11836658136608,False,False,False,False,False,True,,
42,114,64.26269657063014,77.53097732012066,77.17866929672519,72.47986124287704,25.855970581038378,49.60567293400987,271.78661059041315,371.15930162578456,0.0,13.868530026178698,False,False,False,False,False,True,,
42,115,-64.48353780712331,55.3275132483428,18.68098865236945,6.778304368352792,59.512076412224815,91.17197078407105,214.12480999290324,490.77326311791944,0.0,96.29830810613743,False,False,False,False,False,True,,
42,116,13.476457609794906,37.62070840314135,-32.63474193439588,-20.599578065875654,145.74778719355217,273.60538982785255,458.94119506982724,232.72541100561267,2.9000000000000004,74.26702554211276,False,False,False,False,False,True,,
42,117,70.64621707809584,-60.69514600901017,63.37953318778085,-63.93669669603051,95.23433201447199,304.7322729844645,221.79682893843497,315.4271725239879,0.0,7.956905530310477,False,False,False,False,False,True,,
42,118,-8.022512008939799,-40.75856431628645,33.63923221375785,56.213543904352605,314.84705034800584,122.15597246516194,362.34015771512577,249.3625615462606,176.70000000000002,101.23387319711452,False,False,False,False,False,True,,
42,119,-40.83255975197673,-54.19934994369214,70.40304172920236,62.07821257689278,279.8491367979692,186.35814766358246,346.2431662047487,361.8982664729992,205.9,158.1878170473953,False,False,False,False,False,True,,
42,120,5.8508821723342805,-10.469906448369542,-58.919226737269206,-59.89378354103424,342.809897704446,173.5310734510862,531.2822099620755,215.430751084044,0.0,81.47322649209815,False,False,False,False,False,True,,
42,121,8.70664832638937,-46.76523946375372,-39.49046301974376,-75.1912673982114,42.82319186647607,330.06542674651047,278.6131965929327,393.2516847658366,0.0,55.95534475134723,False,False,False,False,False,True,,
42,122,-5.5977388817163245,-15.927800760755474,5.1017746153709,-50.04176886154536,355.8974034670475,294.59083273339064,446.6458530926061,337.503718805581,0.0,35.75251611643664,False,False,False,False,False,True,,
42,123,-55.53966045978625,67.30653732377084,-25.378069218923578,-71.9829296484906,123.26532365182632,286.00453097851835,399.08349799528327,450.33543389794386,300.0,115.72203107068722,False,False,False,False,False,True,,
42,124,46.98166141798039,-46.087262227113186,67.80533057490882,-9.921663532740382,230.04491373509924,0.831158131227121,547.3473993644711,262.35855438566205,0.0,41.73219052577557,False,False,False,False,False,True,,
42,125,-70.06990295357517,-6.67807335415776,-59.35519085087332,-55.62772637478788,227.62181269087566,141.45386096528398,518.740980061998,277.662597843228,5.800000000000001,50.10020175225272,False,False,False,False,False,True,,
42,126,36.18882054142418,-6.224091175214781,25.592208180684608,15.95125707455847,170.20223019323936,342.02199406479735,287.08545710198234,220.89420049970903,0.0,24.57710852648253,False,False,False,False,False,True,,
42,127,28.495049740772515,55.361209809265404,-73.5594016096122,-8.058769852371114,321.29556828743745,269.8627028122323,546.7230865990513,362.5655246388975,0.0,120.15492025177508,False,False,False,False,False,True,,
42,128,25.599315008184206,-31.6031550179315,71.60569594655877,-21.386321830954188,265.8638565671863,145.1304734828695,374.7275720251997,437.91301400861846,0.0,47.127176527109654,False,False,False,False,False,True,,
42,129,1.4294642802166777,65.13381230552136,-12.911841931550356,23.531487702932026,123.25047598801947,146.93640056316468,326.02004329342094,200.3228073249141,0.0,44.00484605357548,False,False,False,False,False,True,,
42,130,-65.32421135055893,26.798387703481268,24.88283813488836,26.06555427361525,7.115920323369003,117.55686336184077,229.12393890367878,461.26056901760495,0.0,90.21002617063064,False,False,False,False,False,True,,
42,131,57.70086422338082,-40.53113964381643,26.855865415677812,-59.301951446676085,99.05490921661679,49.91561864403103,263.40830663969166,419.89461893971117,275.90000000000003,26.65753202262869,False,False,False,False,False,True,,
42,132,65.65230562964041,-47.59641473213024,6.7326455921150625,32.22257619894917,343.05208865480364,219.6217738393826,252.0427724109523,400.1912627655745,300.0,81.51221690914846,False,False,False,False,False,True,,
42,133,-28.721414131517413,76.18054251067323,-16.0518183738181,29.668435321762274,8.361929644833053,144.02212060851193,500.04304532900466,394.09097777329833,0.0,48.206791760251534,False,False,False,False,False,True,,
42,134,-8.969138176643781,69.74999990971614,56.637500183556654,-28.44549218832988,196.03742473488225,176.33673219328657,402.8810000459449,283.64450678350227,226.3,117.63311343378366,False,False,False,False,False,True,,
42,135,-40.92719987745788,66.02749364088578,67.81991991976102,54.93166172191664,352.1535950752421,268.1969492806879,455.86689142479986,455.0360367850563,300.0,90.95684878083325,False,False,False,False,False,True,,
42,136,-3.1027790492309606,-6.9676488777165275,-41.5637958161595,23.171071097486475,104.15524899684043,92.81102749284759,384.3845496384219,313.9929552900173,0.0,48.86299471470878,False,False,False,False,False,True,,
42,137,-44.98294259285885,50.568962680452984,57.69118708710016,-53.16807685155504,2.7025318079999527,121.00678867057454,469.00433427230104,485.6695464937298,0.0,145.9566725997905,False,False,False,False,False,True,,
42,138,-57.86734878143213,43.893744189288185,-61.48733323049129,-17.58998557495532,359.4994254042897,69.33269636312754,211.58543303105057,319.1201330187174,0.0,61.59020468494932,False,False,False,False,False,True,,
42,139,19.146964155177827,69.26412518612051,76.93138328528548,-68.85749814537687,49.67910624524592,284.6656706025578,258.2528609083442,503.93962380254425,261.1,141.22302651841562,False,False,False,False,False,True,,
42,140,26.152521156653876,-62.104831619091655,53.20468558784114,-51.782979198707864,152.45834208467537,198.7865742813588,350.30645963211134,424.46516624606016,300.0,3.4734881147442462,False,False,False,False,False,True,,
42,141,24.429877579080838,78.72672088448877,79.90750547587004,2.633504421702554,34.271671305911035,262.0235876287386,540.6656312866357,277.33055505160814,0.0,94.16976578874475,False,False,False,False,False,True,,
42,142,-6.206578265988185,-12.035692029527056,-71.77293527089131,27.562308995751167,127.2015702246484,283.4869948673408,482.84803011279445,478.49231463913816,0.0,76.59601070612192,False,False,False,False,False,True,,
42,143,-13.333440313619178,-28.552690841456076,39.81132474672877,48.22230941483568,176.85268070089182,321.4911670330691,207.5634784314233,501.62751186358406,0.0,93.37433650459413,False,False,False,False,False,True,,
42,144,-64.62476272449899,-55.43591647126178,5.4144021238336535,-69.1970431700136,19.010556504039727,0.1867478996539873,324.52666387770523,459.84955251689195,300.0,61.36302896273176,False,False,False,False,False,True,,
42,145,-74.42586395521349,24.361217034536864,51.70037078658984,-53.11986422754062,52.870944535705526,309.888350503393,479.2498439800379,365.5767065056748,300.0,108.44596078879796,False,False,False,False,False,True,,
42,146,51.07198068703684,-65.15902761208083,-16.882957129799294,38.047608977019664,92.68270535662681,270.838409196079,351.6714417563255,450.1063951792932,0.0,123.56975119229108,False,False,False,False,False,True,,
42,147,-5.651257942827272,-21.13530556450918,-44.929725363418825,-46.6593053703976,270.53669180570256,42.80772529222578,184.39294004437807,220.51654600885206,300.0,16.704792714768203,False,False,False,False,False,True,,
42,148,-51.9445581673725,51.69721964910397,-16.238940244126013,78.46215317767718,49.39605280462046,235.2743372497116,329.49180288050025,307.1672706788296,252.60000000000002,0.7108385048468855,False,False,False,False,False,True,,
42,149,60.01347184865318,76.09530333254395,59.657433403868595,-49.23189135437872,79.48725163521625,236.1865964742228,265.6334326552767,443.89005231223194,0.0,125.32770041562233,False,False,False,False,False,True,,
42,150,10.627304129543148,8.145402958464473,52.56750797420574,33.685243478828454,9.567995399025012,17.805289372565646,390.6233809824063,344.47683024891023,0.0,49.104624551435855,False,False,False,False,False,True,,
42,151,-38.370455145121376,-13.015026029631741,41.26565099725768,52.257837545268785,202.0403044404159,138.7330131085571,258.2787045980428,358.76738830770137,0.0,102.96822869598097,False,False,False,False,False,True,,
42,152,-29.64006102969904,10.255221927555667,28.264381201542022,-69.42732625289682,0.38428740818900575,76.41976998266746,507.80459908751243,408.5163052914237,0.0,98.4999132722525,False,False,False,False,False,True,,
42,153,-52.48634369007634,62.44223389177901,-4.807049554025596,-3.8253189314143015,336.79509978335585,21.415209186002407,236.0713098514874,384.308530061889,0.0,81.63763621324884,False,False,False,False,False,True,,
42,154,-48.72215846687935,28.72432147343325,-45.745233706124765,-64.1348847041897,74.5146574707023,152.1842523379424,220.45531966923195,203.87680996933892,0.0,92.90691176101745,False,False,False,False,False,True,,
42,155,57.64510179503054,-28.73644742443075,-22.278610157079427,-71.15673447980357,128.6530644607395,95.33058383576868,394.19402693671543,232.15611906896268,217.25,89.34261813799446,False,False,False,False,False,True,,
42,156,62.13847249005448,68.74665934712883,-64.02703085171356,-62.815526993827646,41.51751771995567,223.04493227171233,198.78758568384916,490.9529271721065,0.0,182.2809455436696,False,False,False,False,False,True,,
42,157,40.683442390062794,51.169417318083845,4.16968430176334,79.46835384306456,15.903037059898057,144.4553871070008,279.5746675750545,529.4581994850564,187.25,25.791723445568543,False,False,False,False,False,True,,
42,158,12.297753359614859,48.99055447115603,-52.745409014636984,76.58146302407022,179.51023687547345,177.7219474574325,538.3538914182951,302.292944486858,0.0,70.65317548715389,False,False,False,False,False,True,,
42,159,-16.395996071201125,13.560432448789868,-59.51158231235409,-28.626299774103217,69.554996080247,37.182052478537855,496.45784253240805,385.7324664509904,0.0,60.32142366161781,False,False,False,False,False,True,,
42,160,-22.61235335553421,-14.612899621325951,-10.95695941002326,21.303869143153506,333.63698093603756,335.80066307651373,306.59679181226534,281.70498383910785,300.0,36.944048480908414,False,False,False,False,False,True,,
42,161,-7.832559970359199,10.869476868558806,-6.109134168040271,25.40054557067215,199.5836484167149,115.4575968098674,288.29232230505306,301.4371150238924,0.0,14.63291338461472,False,False,False,False,False,True,,
42,162,-64.85763708009782,-53.4299788137643,35.69820834326178,-17.744526156467195,77.23403012165171,202.56206780694862,452.2158169893709,252.96894493814858,300.0,56.27042054613196,False,False,False,False,False,True,,
42,163,52.286381107799116,68.40077754000794,15.583124651814515,27.03162543865274,18.927356516299938,340.3871607678863,306.9938937059775,519.560160218172,0.0,55.30403041423687,False,False,False,False,False,True,,
42,164,12.636403960038805,-79.26099218506758,-73.83328010825028,28.86700890718751,202.56048497949593,9.551677394186765,447.3839844889541,490.8581348276727,0.0,138.4509692384869,False,False,False,False,False,True,,
42,165,-0.5732028097106792,-5.478809542839201,-79.1243025864596,45.86395399897589,119.05778402859795,316.35490312171424,299.22423502322124,376.0311642522822,0.0,93.84217945171298,False,False,False,False,False,True,,
42,166,-36.745313888107596,-54.305869986413015,43.98526454101247,-0.5455233845949436,193.13565255081028,347.54974325342477,535.4319648888614,492.2568486809614,0.0,96.9927892177966,False,False,False,False,False,True,,
42,167,-49.982513157594624,15.083631088252787,60.50358794488599,-20.085770168169965,36.39821973681059,291.94664480637186,342.7054205448686,375.7570721436714,300.0,79.48348632062802,False,False,False,False,False,True,,
42,168,77.14308741085512,17.15382887905153,-12.003298293423782,-20.802501144448357,150.34294535545644,42.62366994432075,467.90022336702873,485.08674327481646,228.65,83.65395744798943,False,False,False,False,False,True,,
42,169,-34.49645846825458,-31.392541054408944,59.893481013570124,-76.16474311552713,187.36467975620198,166.92325728534038,426.0507078313839,215.3566800597818,0.0,104.4701428772074,False,False,False,False,False,True,,
42,170,26.9329185272246,-19.72255874001977,18.994364507142734,-73.58479842035585,166.22179098642337,188.01032183365396,235.73056114199466,205.84946167164827,300.0,53.901424257437995,False,False,False,False,False,True,,
42,171,-49.84411151803178,-24.937427509864314,-64.51037611120456,71.5711673167367,145.79786213849422,291.22905690242965,539.7668492435387,182.29411200109564,0.0,97.61663891223664,False,False,False,False,False,True,,
42,172,24.26711486959904,59.425453878594226,21.477509434676534,-11.355820582813976,155.18748874965777,12.923598962649208,363.8403005157101,547.417198714739,294.2,5.265514109321156,False,False,False,False,False,True,,
42,173,73.39320415550947,-73.53612338525389,32.92752058071811,-31.71762132849107,325.07609522620925,16.241308455340274,524.3496408044323,484.99029751511074,300.0,44.986219164512626,False,False,False,False,False,True,,
42,174,-61.19929883958376,-70.42810602923213,53.553226292309745,-55.0787726440673,192.5633350713134,329.66814883633543,376.9792454197293,308.89332058912964,0.0,115.77453977241622,False,False,False,False,False,True,,
42,175,-8.797431223361244,-69.90125268738063,75.0003714178558,-30.295330387026752,68.17085700222738,102.9770286625423,535.7492779565915,187.7144213952028,300.0,60.805526087278906,False,False,False,False,False,True,,
42,176,58.76848648018901,33.25502310423164,52.8030686654445,76.14360645886342,303.1756759860739,339.617646460027,200.7741027163679,468.315426066788,0.0,43.301464084620385,False,False,False,False,False,True,,
42,177,7.3081110529676465,6.959295212777704,63.82745221128218,75.48861098347379,253.74179629554513,173.8578202098422,332.5615431607381,304.5365828892727,0.0,88.82962931910569,False,False,False,False,False,True,,
42,178,-22.14415526837398,-17.358905330490977,-65.63948235980875,-67.61022635832988,280.7531437940322,160.5862414512814,522.2737954178482,394.888403437581,25.0,66.22988358741893,False,False,False,False,False,True,,
42,179,-74.37184285049284,-54.796265389203285,-47.068833117918786,76.1177639023457,78.73352141458855,185.67204346369846,524.4707726560785,540.8770919657429,300.0,80.06487618531415,False,False,False,False,False,True,,
42,180,-42.182330338632866,-72.14117699999358,-55.423706793958644,-69.86744340759071,70.2447267932411,204.68509729334474,514.9795185182568,364.887553477736,0.0,13.435174538534179,False,False,False,False,False,True,,
42,181,20.15832907185292,-47.70123974247342,48.09337930781601,18.846225360893314,311.08925850938095,341.5835185220823,289.1603103026369,186.23162341417574,0.0,72.17293220709267,False,False,False,False,False,True,,
42,182,-43.851366733314805,-9.94534949186604,71.31098429191573,-19.470428420253555,277.4783569195332,194.5716091814718,223.12350817239061,278.29364758138064,0.0,115.55558931635643,False,False,False,False,False,True,,
42,183,24.510701603650986,27.65654314958296,-10.43844051055261,-43.41670357406166,259.8864406245635,60.79429498057732,524.6678767460506,225.1614316145907,257.45,58.85653983306874,False,False,False,False,False,True,,
42,184,-62.830021946796734,-0.3763676215393872,3.127935697551038,1.3108663645191712,157.2002961619822,358.133361418659,344.51224506823274,341.1786322959324,66.75,64.78497274415133,False,False,False,False,False,True,,
42,185,-12.517429965670189,-69.30787924776594,14.873060983938572,-43.525156444290815,229.53923288245795,18.300046301451776,542.5548405012007,337.6020316050689,0.0,37.61632344636349,False,False,False,False,False,True,,
42,186,63.480859454511744,-3.9102122827304413,-70.34706902812452,51.554167375009115,233.34614268016836,281.4325371266203,321.26794540354933,405.17469769865795,0.0,144.86618602272745,False,False,False,False,False,True,,
42,187,56.99664060745721,20.970470859502,-24.372218426255472,26.00473509859198,241.86750790106424,345.811306502385,298.36492861666767,320.03270700565247,193.4,77.20738065986761,False,False,False,False,False,True,,
42,188,49.93967378992946,0.9219703588385926,37.85169489851728,-6.446485687425266,77.57825105257217,268.27338340116387,202.46206767388398,229.43346541252322,0.0,14.156743205446258,False,False,False,False,False,True,,
42,189,20.291997245473382,39.56316803073116,63.150061898850396,-36.38616041345733,39.86073309619957,344.1767974281465,211.76923520885697,229.06679290185582,300.0,75.85118049762382,False,False,False,False,False,True,,
42,190,-33.387287430645486,4.702616644205989,61.25209056545248,41.68736363677871,254.93671938334865,63.065004428161316,293.0730526103897,341.3619704346712,0.0,101.60946500003298,False,False,False,False,False,True,,
42,191,-56.41184744230627,-36.2512476597324,-30.666687367544924,-59.635808267353724,198.08628908697273,253.81015074870945,177.97265259074447,342.4492407052599,300.0,17.492611719755043,False,False,False,False,False,True,,
42,192,45.153791242847205,39.67842063239149,50.41169539500066,-8.281498692702883,295.40054975034985,86.67110563713702,294.3242245670061,220.54223056712053,0.0,48.24727368196874,False,False,False,False,False,True,,
42,193,-5.202473691428509,-17.270396413529085,-41.45166137371005,40.284913476925055,112.98483796019276,98.20955885250086,202.35613234019803,325.52868072077945,300.0,65.21698025611151,False,False,False,False,False,True,,
42,194,-31.525659386031677,-20.916345385445027,-42.240437980711576,42.10487837118407,334.80120504769826,179.25546700399954,407.199369336333,496.8689106426824,260.25,2.3327562266707664,False,False,False,False,False,True,,
42,195,79.81274197338539,18.162637556773134,62.364714646378985,65.37731944890271,284.92253561074403,165.9353007863197,182.46160016955972,156.32222217605354,300.0,30.66557428217747,False,False,False,False,False,True,,
42,196,-3.647898674732062,-0.9096746344611688,-14.822017941924429,10.906776206618332,198.77857318959374,301.1806947717695,193.46284130490497,240.07106644221818,0.0,16.263131674960025,False,False,False,False,False,True,,
42,197,46.88079663354087,55.653898755784724,79.17187417933886,59.665922621933476,320.36364254603916,113.16525934676574,310.66465360375054,257.23404192822045,0.0,32.5393611580081,False,False,False,False,False,True,,
42,198,17.007903710834498,70.20885667312615,-24.857458158141164,9.120285101032039,106.66786696325462,61.1279905581747,228.07421192746227,173.17813781525197,300.0,67.96147512148121,False,False,False,False,False,True,,
42,199,71.88696368148118,-15.539262638779263,53.459342720337304,29.012715630350584,69.09161810799074,63.16640876847161,474.79528060421796,255.88468424781496,0.0,48.21261227086339,False,False,False,False,False,True,,
42,200,66.12562939231611,-57.5911352496815,28.43337831271512,50.31582016494943,84.6922998296322,99.43465084436377,535.8075544556807,255.8390421384633,0.0,114.30055475938352,False,False,False,False,False,True,,
42,201,-11.20687201599236,-10.79750508122143,-39.51444001125063,44.12657382993447,277.8657635624959,136.19448512056283,484.05031643229347,235.22997375960097,239.45000000000002,41.79142420749825,False,False,False,False,False,True,,
42,202,-79.31107589317142,11.386777928918562,79.05244359238057,-73.81691042769846,74.8793065350458,186.8092712953503,473.97629457794824,185.6168020300213,300.0,162.2022162667001,False,False,False,False,False,True,,
42,203,-16.762455398576904,39.53212810078182,-20.553086654982152,-49.786172723897764,70.37849786277144,147.61756328939794,341.76682992235646,494.7257671264056,0.0,89.39870103938867,False,False,False,False,False,True,,
42,204,22.76038697087897,30.46431272248023,77.27794744574513,-14.105049551844203,145.20758516968618,332.4049083812924,248.35023480202346,441.9260985211467,300.0,26.14451903170439,False,False,False,False,False,True,,
42,205,40.73170211490154,-64.35392040872911,-5.0829750890265615,-47.91000458855136,66.73509820889484,166.97811976663544,265.771883003226,468.42417905034836,31.0,48.42079787448665,False,False,False,False,False,True,,
42,206,65.21678262247718,48.4352968461385,-37.43506038053356,-36.13849700982266,91.70220604228827,48.61371458024499,527.5193472414844,310.8191192628277,0.0,133.00423857571374,False,False,False,False,False,True,,
42,207,-44.0496840726602,55.467368081318966,-16.128751574753522,-74.38131022245335,58.298965289867226,230.1301225282212,463.1621096686896,234.37375539548518,0.0,132.8166319735191,False,False,False,False,False,True,,
42,208,66.78329428258274,56.1595392083463,55.74092064977296,-43.574216512125744,18.192955914020775,312.2724742137301,272.32009149542694,397.56655246941034,0.0,100.34319132635439,False,False,False,False,False,True,,
42,209,41.594701392116804,-59.47307863822077,44.93413672304767,70.16183343377054,262.21498766870724,158.8401894530009,500.6712555006811,360.9830520290236,253.85000000000002,120.4438166383586,False,False,False,False,False,True,,
42,210,39.16334845068066,51.28095101737665,39.89645787184095,-33.94321983229537,42.42380432609919,85.80187057034165,351.1499747921413,352.1107689172384,0.0,85.22732394272086,False,False,False,False,False,True,,
42,211,13.223095890326007,-16.78370599233746,45.90262103200443,66.10460005555325,88.82101925260966,265.1483583726797,421.1887410180179,359.236199711726,169.8,81.14840496168573,False,False,False,False,False,True,,
42,212,-49.835162580134366,47.23716137323352,73.70020570061322,35.493813157378156,330.42959878526426,354.3066953812799,290.8202696956953,405.28942117053475,0.0,124.09227793694002,False,False,False,False,False,True,,
42,213,-4.170761977907517,77.86059949811681,-64.990748158764,-14.020013712444069,315.19405602980504,102.25847178954555,465.1171402555491,303.1132651121023,11.350000000000001,110.162205293765,False,False,False,False,False,True,,
42,214,76.79656638242531,61.364773827793215,-31.788742773981546,43.23089816605682,121.26835577997673,218.29062247759265,413.3923073573168,481.83816363428195,0.0,110.08908579467708,False,False,False,False,False,True,,
42,215,-76.08786545887762,-44.77473741563205,33.90684969417259,10.163717915125972,178.41782815241152,19.875584414872964,289.3103533845825,496.0400927642593,0.0,122.95149952615604,False,False,False,False,False,True,,
42,216,-75.05714607423485,-16.570202341630065,71.22372602732361,-71.85908247279767,269.89407037606924,92.74054182553313,496.643532861469,448.42719158374604,0.0,156.38079744313598,False,False,False,False,False,True,,
42,217,61.71282733733807,-45.45203353099744,5.006840770976794,44.683190971968116,88.45190747819315,83.0686698961981,160.872853399034,533.4061175901809,300.0,98.6212394430673,False,False,False,False,False,True,,
42,218,33.60270080873974,21.68965664162957,39.03915563119854,5.0580669912702945,171.40817559254774,161.8316068044675,406.17568484145653,230.61399015695326,300.0,6.52908683244184,False,False,False,False,False,True,,
42,219,62.08939120237915,49.88037939508243,-24.069822167674587,12.577487490003904,50.76982798200526,350.0446492560953,511.1570750521134,518.7590025996801,0.0,93.88778298068614,False,False,False,False,False,True,,
42,220,-26.85391236744774,-52.93844681874308,-46.116453845390346,-65.59977743278563,43.239826836498366,25.66963230654434,545.9292276819494,179.62307334762943,0.0,23.051134399581084,False,False,False,False,False,True,,
42,221,-58.793267047773824,52.36073529451784,12.838434678870897,43.90675273109318,227.1283227981558,317.5830253184213,405.38701110589625,358.8500371612604,7.65,72.11958690453568,False,False,False,False,False,True,,
42,222,34.03995100180795,-8.417159713262492,-24.629788335242452,-5.1756076079660005,61.09707783548184,286.7658227289689,254.28151253437784,211.412618534819,0.0,58.759220331185396,False,False,False,False,False,True,,
42,223,-40.58364131468372,54.73122428355836,-27.16779270436298,29.767979120944034,308.30746703606616,27.988080093015164,456.00976207121715,273.066186551612,0.0,28.339876552021757,False,False,False,False,False,True,,
42,224,-45.340421730553174,30.224232392475557,65.5674596373174,-32.79692660601674,204.78016993835485,104.34028098581695,371.7142342905712,398.74481226173623,0.0,127.56263022932265,False,False,False,False,False,True,,
42,225,17.653662206428763,19.767419142839344,-58.38723324519614,30.96647513387512,242.91012829688037,245.73172399807794,179.62822109548253,328.735536965661,0.0,76.86115167088835,False,False,False,False,False,True,,
42,226,-14.554378872683245,-66.12616261708814,-44.42113153651029,-9.445978912314118,267.44627154890964,85.34234771447875,481.8999640499646,368.3193142957854,111.75,58.381743762819816,False,False,False,False,False,True,,
42,227,41.6674696295388,-4.391042666102862,-0.12892393244426614,19.155102300742442,334.06941893969673,177.0525293086476,361.46301524331636,390.7987854110118,160.9,34.86727927688232,False,False,False,False,False,True,,
42,228,38.002421967636124,-68.50394632220251,2.509990163515539,-2.945345727033043,331.80659432552534,177.6623689570828,337.3282138777324,534.8799954138808,300.0,20.7359926390194,False,False,False,False,False,True,,
42,229,-7.907765823858952,-51.05849114846555,-45.29342035107387,-64.76999386608414,0.20452653322000192,155.50043796017349,457.6970325192886,443.3865771199344,0.0,39.820754277179724,False,False,False,False,False,True,,
42,230,-74.85614595154397,11.197264575045267,-55.31469993384384,70.57220556235157,60.25139987190454,225.59011837109335,280.4953448656227,406.6245303857409,275.75,34.36446278604621,False,False,False,False,False,True,,
42,231,-14.03862456574798,41.54288836902316,-43.09133994754275,64.92669646628161,180.07547375280674,272.193533176627,489.8920765604908,549.531444381922,0.0,37.29427237773898,False,False,False,False,False,True,,
42,232,-44.16869350496668,-34.09721382984722,-39.93070612289788,-37.94058685443478,209.68010695417587,357.6681083325035,546.1112348371018,360.7092925449231,10.05,5.177803236484543,False,False,False,False,False,True,,
42,233,22.244353642347804,57.595286992256945,69.26935335256081,-47.38229962727297,190.27502241928303,299.8213396781444,271.2808306538367,325.9236169921867,300.0,74.4864644988544,False,False,False,False,False,True,,
42,234,77.69937624192127,77.60747147533937,64.97708972242907,47.75173517248922,96.88698026021007,115.50602666418749,368.9131364819499,374.3109498248049,0.0,32.453375240017444,False,False,False,False,False,True,,
42,235,0.8804510971307167,21.86724478660898,-14.668316378721784,39.867865170485274,120.07797353220792,119.04371890068691,200.8903847567312,225.48488401156771,300.0,21.985772651282453,False,False,False,False,False,True,,
42,236,56.083340627417215,-8.594825827129355,-43.54115415154659,41.49457600358198,199.4332052940694,7.616164112385655,276.54458293468605,220.80056444853642,0.0,111.50779405818346,False,False,False,False,False,True,,
42,237,24.939657757254494,-35.99503349915955,-69.60851532640902,-71.21040172837291,209.42182726513738,7.820444053472264,489.5168452544355,212.15884770291024,300.0,74.27576919348547,False,False,False,False,False,True,,
42,238,17.05061363126876,-8.849915518280682,-9.143756602895593,-68.51245722239267,288.9908100763976,321.49889451117093,154.4066669536914,221.44167027884708,300.0,55.60751612013464,False,False,False,False,False,True,,
42,239,64.62467020727661,7.918978048009308,-55.993667480286376,-47.553527582534585,237.5950479253611,260.9340560088743,389.7707234319741,531.2593519650103,0.0,132.7628798551828,False,False,False,False,False,True,,
42,240,-0.9498234141156701,-31.956494057195727,-3.6427344038725664,-22.45339301334225,80.78972136288708,16.546769762450424,290.88499742604967,434.5637390838969,0.0,9.877281966636495,False,False,False,False,False,True,,
42,241,-77.04995153996899,-9.731437887050447,23.041504231978948,17.664657467889157,279.59343691993774,291.7870976375271,434.68232836775513,191.11907845789978,0.0,103.77304832780403,False,False,False,False,False,True,,
42,242,-3.9964089593023004,16.54495319801738,-40.70943379048774,-73.19170917651576,80.4925155153769,163.76198462374998,315.5721276218403,220.66679253086465,0.0,96.9562518168694,False,False,False,False,False,True,,
42,243,51.90648682935884,68.10986699787594,-47.784268951565565,68.73166649075546,6.429945303065097,332.9864901745004,530.7715160323631,154.82074520637008,0.0,99.69269493188183,False,False,False,False,False,True,,
42,244,42.08308748427969,75.23225161117495,64.94435501084453,75.31362579139409,198.11646205115017,28.13621035873978,489.91567912201447,395.5313023236046,0.0,22.86141235091075,False,False,False,False,False,True,,
42,245,18.357879070126245,-13.239422422610204,11.494716243377468,-55.42723534622168,266.3172095638141,27.006230646555238,441.9123068175168,489.5913690499416,132.6,30.61774782979618,False,False,False,False,False,True,,
42,246,-4.405011589681891,1.5728585691279022,-30.045716332467478,75.113373396094,263.92481084143634,132.83587918812418,219.92295449320204,237.83183688083653,300.0,62.41204545016506,False,False,False,False,False,True,,
42,247,-5.772434222391993,70.81094405029407,37.46341532174689,-45.56100029133603,309.4420080308033,136.1521882834852,490.68887310100746,246.6798391924524,0.0,124.14414249433949,False,False,False,False,False,True,,
42,248,18.985697909810824,68.2672780930051,-38.73695853635294,30.868254493736785,355.4325431845718,54.21538340748126,185.36091628026975,419.6780769779265,300.0,42.8616598970839,False,False,False,False,False,True,,
42,249,-25.642248360155136,-68.60088362134542,-3.9511011386233292,40.60330874303291,102.64406414946795,120.6168759018485,488.2797602587888,358.0287649045952,300.0,103.20078253460778,False,False,False,False,False,True,,
42,250,54.83711500903553,-8.577681257006475,72.47602584961655,24.127134354837878,41.723591514929794,318.63347576164824,345.70607633231907,206.655587189162,244.10000000000002,26.720275322032627,False,False,False,False,False,True,,
42,251,-55.56957858537268,30.005429617579495,-72.42039892328164,-34.144997613789876,50.32353256915252,158.78787466222232,315.74150879774453,358.7505738755424,0.0,66.32667231233377,False,False,False,False,False,True,,
42,252,-35.25818734359517,-74.87302569949165,18.30177704562972,-20.20511953882378,234.4805995464167,39.120109489536645,155.51094211762012,249.3176991541171,0.0,76.53267112394958,False,False,False,False,False,True,,
42,253,-6.95242832095164,-16.948484133045234,49.64840884375462,-19.545976929148168,190.9588246571084,213.6656132791892,158.73255665832465,356.0533507384756,300.0,45.001872056346365,False,False,False,False,False,True,,
42,254,-24.826998496185944,-12.595179570679264,-63.954016240759955,45.25129050378324,339.2655302910681,8.016775426656002,390.54910512453915,455.53762691534325,219.4,68.54583335199406,False,False,False,False,False,True,,
42,255,-34.43078581601769,46.00889357811468,21.176808122608207,68.6660211633712,353.1617320873582,15.24460103953373,327.9751044108025,368.7951150312873,0.0,60.04623163911034,False,False,False,False,False,True,,
42,256,-56.5210826867756,-26.194267131622126,78.02359164103387,-77.40312698520457,162.90285534877827,303.3556638185506,279.56050508771534,341.91940110206133,300.0,104.74059116735565,False,False,False,False,False,True,,
42,257,76.4873193260768,-4.019706163887378,-59.05259005656015,-71.72456133337744,340.34996607838144,95.69138877902364,351.62556262582035,186.28070643598744,293.5,146.73115039799652,False,False,False,False,False,True,,
42,258,-12.215180711903187,68.81688308001986,0.3860789809501455,75.38162428837245,93.18082940546388,181.63628629341738,493.8123167237301,329.30094182149753,87.10000000000001,0.8601681927777661,False,False,True,True,False,True,87,0.9
42,259,-35.28202022876967,56.876058146861055,-17.617684980382563,4.915726569637457,351.54974390945245,67.133986112111,270.5602546880743,162.42784002793599,0.0,54.880823585132454,False,False,False,False,False,True,,
42,260,-17.305966414391563,-47.97065110642247,28.80558966526263,-50.98856659746362,242.9325908661131,94.85115414815436,292.08713364847995,289.544260818559,0.0,46.21020902352812,False,False,False,False,False,True,,
42,261,34.6802800261775,-5.358517897865113,-22.19217618357071,56.41963504631198,205.90222523083298,76.97909566007921,510.036511257473,287.0601184134563,0.0,83.97033081108984,False,False,False,False,False,True,,
42,262,-73.76329959402874,-0.863964164087534,-60.16991128945955,-41.84536900548119,268.95991416746796,47.07065281547469,472.77768974161427,524.7629152523815,13.9,43.02705175441565,False,False,False,False,False,True,,
42,263,17.04513606527115,33.65747072365268,34.17385758518678,78.84927316327119,122.95377439258424,58.6283584473729,357.6668939657286,363.2999239326833,0.0,48.32899863072202,False,False,False,False,False,True,,
42,264,-51.534001872616884,18.09750703906232,-77.74004264370816,68.42694439267544,95.24674001565418,14.241675020469051,193.2997765899428,246.0995793118567,0.0,56.74335941083649,False,False,False,False,False,True,,
42,265,-36.17501302303276,-74.75040008036342,-35.30323004900333,-49.129322161042865,136.30353387642668,138.66038544814893,285.60309624115166,281.16955341228163,300.0,25.23705060226138,False,False,False,False,False,True,,
42,266,-65.6429955613998,-75.96720845981406,-47.66171197496534,41.063908386658454,356.69151559840395,334.26942302063844,351.68774221510745,362.7295423111737,300.0,115.18928458065602,False,False,False,False,False,True,,
42,267,-29.666948954265195,43.830310182025,42.361070069223786,55.08357721319112,322.3816477908784,156.36572936110647,456.750227242879,472.5594915183514,0.0,72.90179382788067,False,False,False,False,False,True,,
42,268,-30.64646040035997,68.678759040984,-64.90535957765513,79.08306866612526,277.232658537193,33.57752591675781,412.49185924200026,163.67176437130405,227.65,15.96605360049633,False,False,False,False,False,True,,
42,269,43.22991191106925,47.87566746544884,16.38564049463163,57.09766270665128,35.23798087734949,99.33258313469275,315.6710086370682,166.98318113123932,95.5,27.355478912777464,False,False,False,False,False,True,,
42,270,-8.285425988613412,-37.56584702198944,-17.16239806371952,-11.983578881230969,316.5882240555666,97.32274938995006,507.49725148650884,320.3883859251397,96.45,17.150540332263805,False,False,False,False,False,True,,
42,271,-27.55076468896224,0.4019278936233661,-13.16107418194565,-38.82042991117663,180.9645569265841,54.64862390837926,290.77197720918645,376.31608774963627,156.4,32.77170006569474,False,False,False,False,False,True,,
42,272,-13.854680897622629,51.825977768127444,-38.9245181543734,75.1634526129616,282.4999275064865,348.33348935909,485.25462193212167,206.84157034065706,157.0,28.286621396014823,False,False,False,False,False,True,,
42,273,4.233614501602204,-52.80343660867429,50.91637642036116,13.465943869327347,94.84175316848608,334.6556299225817,196.07442132570426,375.5449613885256,0.0,81.06115622973606,False,False,False,False,False,True,,
42,274,35.36648874667607,-70.58423402681092,15.656965312992583,50.544194474095065,24.309833190499216,184.40746959838575,253.422871259496,415.16978061476834,300.0,74.2017347550615,False,False,False,False,False,True,,
42,275,-61.01162126738481,69.9282289072811,63.156573074357084,-50.24409281988653,116.37571837143766,211.5485908750955,437.2249346537002,327.06240606410324,300.0,148.83859184366835,False,False,False,False,False,True,,
42,276,-54.99338848624399,-63.335760991540546,79.96245390629502,-7.143660569042041,314.11142969345934,173.6553616664812,518.9430554184013,185.10375310862025,0.0,146.18697461050348,False,False,False,False,False,True,,
42,277,-61.756929386471846,68.74115003587588,71.5988872071656,-29.645208405541865,127.85935931779386,162.88208454051286,316.46467202691633,226.01808638383866,300.0,154.86405215750247,False,False,False,False,False,True,,
42,278,63.74006143029993,-39.470783887097,32.843585516424255,-69.25509156240435,13.950479350234609,235.34297012769142,285.6063430293042,412.1837570880005,0.0,42.914999797204615,False,False,False,False,False,True,,
42,279,-64.95660765298715,71.97622078653814,39.76231470289527,60.20275728412787,49.12939945602393,115.25794880143297,297.33766568253765,364.8690593307274,0.0,105.37868447755417,False,False,False,False,False,True,,
42,280,-32.50104231881372,-70.29908124969518,-20.979459082004688,-39.27210965963486,138.93166492675735,70.90543534320945,254.7585498258942,400.7809361729075,0.0,33.09712746346923,False,False,False,False,False,True,,
42,281,-17.89538646750959,-24.73865709288127,5.424901235579668,43.49768653502812,136.3924642852646,211.50701732010262,536.4810501472705,358.7920456472203,83.5,70.91631298669026,False,False,False,False,False,True,,
42,282,65.56761224280712,46.98761988102831,-70.60501093597605,-11.3441805649189,251.39462683269173,355.21628848135197,333.350516464605,187.11418165069577,300.0,116.20931076138949,False,False,False,False,False,True,,
42,283,9.921467954058855,-59.749793260166356,40.24312964470295,1.2283195938844642,260.43529261582313,312.97025767626855,401.57920686511085,394.9757317012726,0.0,68.10090612409817,False,False,False,False,False,True,,
42,284,40.731247270341,54.79280023242677,59.04860580432043,-74.17116869073867,200.22850684720416,77.85695152711851,494.13835631271337,409.3590740813445,300.0,106.1008776387848,False,False,False,False,False,True,,
42,285,-12.7644033548099,-49.903323500583795,-25.756219852827762,32.60443112643593,73.56943627618996,33.68986032181419,505.2115032910204,455.6841398320467,0.0,83.52434896190849,False,False,False,False,False,True,,
42,286,-48.032811094698786,-33.230153051201334,75.53122834094171,33.30951788145879,219.7879215169769,110.74625475268692,269.6500576666089,165.80944747609217,0.0,140.34101200105127,False,False,False,False,False,True,,
42,287,36.55709870430903,-73.09196399089848,-79.22282595563536,36.71921405775666,341.5945525736851,272.34109718183174,338.65607624975144,344.4180998243492,150.0,158.75121280197274,False,False,False,False,False,True,,
42,288,-10.218172376143144,-28.057013262346615,3.4742742697344227,-11.015846857421593,215.3404368146789,323.323228980394,548.0037669295241,181.49731595316683,0.0,21.86056832725419,False,False,False,False,False,True,,
42,289,-18.450644374185373,-51.087008677310486,-23.66072417191461,-34.00431703225232,62.83336738564379,275.0673792316646,348.51549713169436,517.6982328868903,0.0,17.859543256725424,False,False,False,False,False,True,,
42,290,-74.78520908047769,-69.28351789888161,-15.476226731144948,-67.15562873535406,94.58265470934006,354.9707075075845,233.58384299384562,229.24709656483628,300.0,44.46934813621856,False,False,False,False,False,True,,
42,291,11.782507007313455,-0.3202734730949288,12.870127552455159,-19.72235548663253,297.6344495621809,49.88899851928662,321.35705833658625,425.9047393776348,16.400000000000002,19.224317146986838,False,False,False,False,False,True,,
42,292,58.917830445263945,-20.86854298291877,10.839295855000444,-68.93760879883816,61.31487172025842,24.889738487801214,441.1523567994088,265.22398748885627,0.0,67.9866205717151,False,False,False,False,False,True,,
42,293,35.79924643069404,-69.37627535307607,58.00764806533206,53.684831697774655,32.01434749810175,8.552342324587148,172.51552519279647,491.4520692586936,0.0,125.04898708804616,False,False,False,False,False,True,,
42,294,-42.44744175169668,7.723730857310187,-11.800927491190919,47.28408419657633,176.00338852944142,180.23790263805708,545.636775799961,210.05182269970283,0.0,50.04228604537335,False,False,False,False,False,True,,
42,295,52.912630199349024,-71.72004070337843,-3.576196868324672,61.813571829283774,239.47702761748366,246.67726297180786,255.32691290259422,317.4299165445817,0.0,144.99039023157604,False,False,False,False,False,True,,
42,296,-21.34702984015192,3.430913625279075,-6.043531177013094,-27.696263699681708,109.97302045362123,90.30704099584398,296.0188987539034,209.97659117362426,300.0,24.740377288008457,False,False,False,False,False,True,,
42,297,59.53668832057181,16.339102693348366,-58.59417190498313,31.017493473440226,305.1599284792703,85.5128419388132,210.24023773490558,153.44690285350083,300.0,91.23076049086345,False,False,False,False,False,True,,
42,298,-72.43994578296238,41.96021572856185,77.94981312667102,-72.81914840379574,269.30554526876136,25.87037970274562,386.8531299614667,452.43011297129516,0.0,189.18610418190337,False,False,False,False,False,True,,
42,299,-22.527296437161972,-78.2504446222938,15.23029634006815,78.59914050240445,92.74227222185847,68.2168597873977,199.570357101406,372.10224796002245,0.0,161.33018367968563,False,False,False,False,False,True,,
42,300,15.431215897643739,46.763333947264385,40.49172377928156,62.806639167213945,290.0781714032285,89.0161499086,372.35096195030445,268.964783637432,0.0,29.75595230648974,False,False,False,False,False,True,,
42,301,-27.23433927175961,69.1110990767994,29.10334481073177,75.93446612017692,150.08851321874803,193.47752640743155,344.8461679665687,192.91482300949076,300.0,41.50986317892766,False,False,False,False,False,True,,
42,302,-42.127680875743465,4.421817696717142,-69.22011117871901,69.03390868942228,44.58372549961349,71.27306871008656,456.12848957545464,188.7738167157255,300.0,57.665196608180835,False,False,False,False,False,True,,
42,303,64.0444959384655,36.11215531560569,-69.02066286258258,30.695529805704467,227.38627518167442,272.6457957863707,481.27914099573434,437.340225269262,0.0,133.17535927739283,False,False,False,False,False,True,,
42,304,13.788207243355515,-28.405869026915568,31.56378589278866,73.1154535409247,211.50784099039473,239.1641526363314,324.8512168799203,452.4483238972297,0.0,103.06575635120356,False,False,False,False,False,True,,
42,305,79.62678277418175,-54.337708149162225,-47.61515527939803,6.310041386302316,173.29514301419695,205.76512242241876,169.62961908970922,311.7105825321796,0.0,140.9562354894152,False,False,False,False,False,True,,
42,306,13.276521930489736,13.630616208794038,25.173433882939776,35.234564640426214,230.95699320270836,284.4875359401966,399.90425387383664,365.0030650148818,0.0,24.663071622183864,False,False,False,False,False,True,,
42,307,16.99142862204974,-63.80906131946682,-36.2949534839168,4.383964905300985,314.2753975446146,244.4585602636775,186.16323138875902,386.9099801777618,233.65,83.20196948776369,False,False,False,False,False,True,,
42,308,-44.52192197806417,37.44264956619567,52.390536401399544,14.95300361439574,212.8905395106155,121.89291955589304,328.5000084645238,495.64334152613816,0.0,99.4877317270255,False,False,False,False,False,True,,
42,309,35.731252954745045,3.16058555133489,-21.082818200260647,-71.9392418738313,51.482664477498645,69.48906823417343,299.3534173034699,527.6574588305098,300.0,83.03421134866113,False,False,False,False,False,True,,
42,310,0.8245431773997893,-42.425573878523025,-63.079978006157745,-25.871116063525754,293.6630287983805,138.00340562778285,459.00232240896537,471.08199045075156,243.25,24.16254324504204,False,False,False,False,False,True,,
42,311,-62.268676848207335,17.3855604202854,73.45537013937772,-15.657908015431374,18.339872041088018,332.3889684928363,503.4665126289932,358.8565788836007,300.0,118.1426135529088,False,False,False,False,False,True,,
42,312,8.360499255041546,-46.121423555820016,51.11212088714197,-0.22399385725977083,12.196006251320345,245.8853843216392,530.1985079210824,481.66019613830014,248.95000000000002,5.813143888851694,False,False,False,False,False,True,,
42,313,-35.64829756631363,-71.4679864106655,70.45622600610889,69.93003598075222,191.66951509663298,231.23426820175263,335.0400242843233,317.90614683950344,63.150000000000006,176.73840781259082,False,False,False,False,False,True,,
42,314,-60.88825025140794,-64.51953626222463,-42.76285653181,53.86251942504708,52.499628264844795,81.61151468929586,369.445623728883,236.05248723130975,300.0,103.35097923763458,False,False,False,False,False,True,,
42,315,-53.886930445154064,10.130598671673965,-21.105076640541526,20.185485734475066,328.39392254712345,54.357527316624356,515.3734639252256,510.99598696916746,0.0,34.28922123222799,False,False,False,False,False,True,,
42,316,52.654013333744444,21.005746768973637,19.223465194487588,22.27402558984025,248.57839843841273,5.933592214616525,533.2370316642598,384.24150458623194,99.75,25.35266726693137,False,False,False,False,False,True,,
42,317,45.03453430438746,-19.6349057501819,-78.01644577347264,1.5575455802310358,182.58844295373441,157.31614379212263,285.8868216648307,249.9304351238888,300.0,116.82203533350248,False,False,False,False,False,True,,
42,318,4.40717991954925,-19.955497649040943,75.18910128796938,-52.33163075729097,115.0796043457513,105.82576953284556,367.3236704943828,349.7121027896592,300.0,76.1743798268186,False,False,False,False,False,True,,
42,319,22.998474467883696,72.00028329187325,-34.364626320981216,30.84345108079944,9.0144730818661,94.45985018410484,335.4878911986371,162.3979153924538,0.0,70.60035530904895,False,False,False,False,False,True,,
42,320,18.82711368858223,28.529697344273316,39.477074374087465,2.651920774881958,217.42007939230558,142.5834904602554,166.501213002625,189.9807423098052,0.0,33.10710190409684,False,False,False,False,False,True,,
42,321,24.799347872234264,79.28884793372421,-77.47148173387261,9.213359492221244,270.36315103772085,297.6389380849963,368.08196048905603,397.96639207364206,300.0,114.92968640458912,False,False,False,False,False,True,,
42,322,31.475991243928547,57.43459995094889,-60.43367404754902,68.18915140397814,9.366265278565201,301.03191034479914,180.6961706238789,227.8512846419689,0.0,92.53673298181263,False,False,False,False,False,True,,
42,323,-79.37693657901877,-8.758927114233487,-26.502523725217237,-53.44113416207563,162.39245788940627,144.85351794198618,457.0644130794966,507.25212242801297,0.0,69.22574059770315,False,False,False,False,False,True,,
42,324,24.410760282733094,-60.094337803756176,-32.7374728464239,66.13092749316476,31.944417482840098,146.46810218069754,527.0018476933925,530.2659365877943,300.0,76.48584943480479,False,False,False,False,False,True,,
42,325,-14.207491672177213,26.783502095807577,-6.9207042633601645,40.55368630981468,11.369279049479463,51.89657361168904,395.6795214174397,243.02090497722543,127.10000000000001,12.49672159452004,False,False,False,False,False,True,,
42,326,26.56836788306377,-23.804331606192264,61.86328930045141,51.08150168959784,177.42160802476158,278.24223135414877,258.45515449403615,347.703910724745,0.0,82.78659013550705,False,False,False,False,False,True,,
42,327,-48.4028717018755,57.741786963359004,51.69081865094637,64.3439469454402,315.8917132407334,345.4546543414181,241.3344926527704,522.7297163181262,0.0,100.31119262014374,False,False,False,False,False,True,,
42,328,11.394110616319622,-12.400786573095658,9.659823354859682,-25.183622935955547,103.87908250594276,86.87316167191035,182.9711957828507,348.625958858875,119.9,11.392050431613164,False,False,False,False,False,True,,
42,329,62.041868114221984,20.824315083901553,3.3561012409237634,-11.425133079853367,167.1845854741891,75.33984512590234,479.1743508772389,229.35318531261123,295.25,50.38292481711393,False,False,False,False,False,True,,
42,330,34.65964107637008,41.597601839384424,11.979046724437481,58.068219992772555,104.778126882234,317.38219964743075,441.7641838397217,469.4999311047043,0.0,28.03017342992432,False,False,False,False,False,True,,
42,331,26.33275352437026,55.41488271839509,78.89581803482176,-12.773943276057821,293.00964613544534,268.0487134264921,331.1480662848072,520.7795998930048,68.7,85.95210899008391,False,False,False,False,False,True,,
42,332,-16.891851268384848,10.47454660419801,-63.049222881446155,-43.875968949397404,302.6506213921538,142.75898021838503,307.6336357661033,248.3924072762481,0.0,71.30555024097251,False,False,False,False,False,True,,
42,333,-1.3423465124073033,48.9307138160996,63.22625884379835,-68.78169087293058,206.93546324644157,168.21841244124045,395.7127401886313,328.91027476330765,0.0,134.25838899420566,False,False,False,False,False,True,,
42,334,-16.216828663453583,-4.499086011281705,13.11986060102626,0.1573137650842824,169.97200236743262,294.42071158490904,448.2591964951431,286.55139767247715,61.650000000000006,27.50725018909057,False,False,False,False,False,True,,
42,335,48.09233880245128,56.58410704072003,-55.44124714012952,13.2291938769214,102.71231769571696,266.1020358936201,245.51413174347329,418.5614096692127,0.0,112.24460750330184,False,False,False,False,False,True,,
42,336,-39.180055030778576,1.7830021487908994,71.78343486659074,-18.990793846970476,315.26585494675476,355.30004923340204,499.9403395220653,216.34641188933716,0.0,112.89130475938832,False,False,False,False,False,True,,
42,337,51.1453151256261,-74.8560967839102,-17.071698608110744,59.31733973085821,247.95079659357114,191.7865538416361,305.14561003304823,474.91877858811444,300.0,117.47736746539552,False,False,False,False,False,True,,
42,338,33.52934463171535,-5.05514886149227,62.79749395354557,-43.20831714901882,61.34094329710496,231.40935516008935,538.7977370807082,248.90262932270812,21.900000000000002,47.84856495417244,False,False,False,False,False,True,,
42,339,-40.05273937058776,-57.68018432604961,57.69016884378115,-43.776393534186546,181.14426962095962,356.71409208079365,154.85636036881743,372.5944362043176,0.0,98.72685300659816,False,False,False,False,False,True,,
42,340,1.9662468327913274,49.19158022562476,-23.15495367155569,-14.345382576153355,60.45767301559092,266.6934833888832,463.8835636752593,204.6653283115321,0.0,68.32291238562756,False,False,False,False,False,True,,
42,341,-17.046868161868517,62.86479925802928,-79.56683621187406,-32.198548700378836,199.81522261891718,120.2737894775832,258.81807567106773,334.0149939612851,300.0,94.11593943150294,False,False,False,False,False,True,,
42,342,-50.956302702449,4.740038553517408,33.07134741011615,12.04719242056035,33.519359109071125,303.9871010996064,219.99113499499526,455.92480024445143,300.0,44.426667237962924,False,False,False,False,False,True,,
42,343,-22.30958227586393,45.241815688976374,-46.996335455144674,-50.13406340873124,178.92930463829362,11.856965291409779,240.11893551293335,439.6049008737393,300.0,43.232472734690475,False,False,False,False,False,True,,
42,344,53.981356528868076,-67.07434176995034,61.13243351009669,47.60275264850864,313.0863464545075,251.43427964838236,419.6612269175859,360.0372933379455,300.0,81.34623622188315,False,False,False,False,False,True,,
42,345,24.445955918610395,67.05754633065683,-63.91647977332666,-29.477683544625407,26.08379049451386,340.12986189985384,328.1061863997552,420.13778827047537,0.0,130.87005252725046,False,False,False,False,False,True,,
42,346,54.57921032069143,78.56003969223818,-54.11480675323748,47.92201691491658,319.4722433292251,17.595135666315223,451.63622407422935,291.8901284786201,300.0,84.92025243176188,False,False,False,False,False,True,,
42,347,23.775486635269118,2.2477113662183683,-38.44123966613809,-58.364582079362236,42.10100391211498,37.19622877505701,405.1160160538311,290.56434055981526,0.0,86.86064211366036,False,False,False,False,False,True,,
42,348,-45.33864988706041,30.701614832944486,29.8959305226347,6.266926777119636,336.5848140717063,138.74912331891167,484.3451885077172,180.05576317287853,0.0,79.10307244227843,False,False,False,False,False,True,,
42,349,38.37297504616072,78.1515862131088,55.45571460605069,12.746355089609494,225.63578315777784,127.18423779730085,421.79408730324155,458.1581532725308,0.0,67.59929178023533,False,False,False,False,False,True,,
42,350,79.71655697885663,-1.2059332799307185,-70.19134947624923,15.337272116957635,42.848693993580696,88.11541568019962,281.5119645222949,442.41194925936423,300.0,129.01524638689463,False,False,False,False,False,True,,
42,351,-50.590700179439914,-53.4795285052236,-72.8057212001876,59.71838981662094,249.66195276818183,14.380727622345537,161.31692225524583,373.46971859002247,0.0,115.35716653659298,False,False,False,False,False,True,,
42,352,-34.794495794126235,15.476216069108602,-10.463331891045556,67.73000996964075,103.61124538609245,244.49233263800167,171.6217246474397,532.3442136755701,202.85000000000002,43.34697621497799,False,False,False,False,False,True,,
42,353,76.92119486533636,38.25194064262598,-5.566004549828293,-44.801049707638185,292.5058824892673,265.087474972928,238.78161582437963,330.4861176629063,0.0,117.0552744368156,False,False,False,False,False,True,,
42,354,-5.952169949314396,52.22568799563345,29.415149493452247,22.906806966408823,233.93787212278022,97.36922857769241,298.6845039318136,168.26491417468245,0.0,45.939569756066795,False,False,False,False,False,True,,
42,355,45.91058172993981,-10.72028557282978,-9.88186286598824,-40.742997610619724,75.39382132539441,211.61589464485053,243.02120608147032,175.68354062618576,0.0,63.357399821123956,False,False,False,False,False,True,,
42,356,42.80118655694373,-19.76489049498145,-19.16230657611129,-10.989074957473392,293.4161364269138,115.50128253833417,453.21448450313443,525.8179363118172,220.70000000000002,17.747935330993926,False,False,False,False,False,True,,
42,357,25.7389113479679,-10.931027011676065,39.646355703466355,-6.736420839778319,149.1938175989307,189.10193888616595,277.0889339237175,191.7000865120005,246.20000000000002,7.8208622842253135,False,False,False,False,False,True,,
42,358,-13.623679115813573,-60.18289901931169,-14.329364231128523,9.109395394152045,335.05602523403286,13.040039176309293,398.58336260077766,333.0940746600309,162.25,68.40273792686017,False,False,False,False,False,True,,
42,359,-76.75821948733773,-40.07229184980474,-61.04235962323175,-45.31293668296884,98.84528764593054,144.47028073759066,361.6157573955561,150.39599757055444,181.20000000000002,8.86219699781521,False,False,False,False,False,True,,
42,360,-54.10090229940147,-65.02937830259188,7.947743882038992,-27.34802073579683,197.42318497249852,79.85638878288401,159.69174163503394,526.5467605080987,0.0,72.59420914250839,False,False,False,False,False,True,,
42,361,-62.67070060976096,-59.70260032612531,-56.552507758377516,77.00424383892363,222.3576864611986,219.7043826133862,544.6792806074118,185.3755077098619,0.0,136.84368281120504,False,False,False,False,False,True,,
42,362,75.92014280676625,-47.357896551353456,19.691440569925675,-12.786629551553332,138.22265285178415,335.2475982526065,209.69109137610258,548.8276044304974,0.0,66.00635921796285,False,False,False,False,False,True,,
42,363,-19.33999022535224,23.803984622168713,74.86507703733761,-70.78383193936403,332.2311706530686,204.41209872756357,431.7587515909809,209.67367355453933,0.0,133.49700273731276,False,False,False,False,False,True,,
42,364,5.341988932965165,27.76219435603899,-7.0004308179709085,-55.202371503030925,87.88286703080759,307.58140475765947,163.78839713310512,433.54483137632496,168.55,79.52934040332234,False,False,False,False,False,True,,
42,365,79.9024058423243,-78.80272062291735,-54.23269074880962,27.863088142901518,21.596700450725375,212.3243941881092,423.60004142442244,385.25853924562807,156.5,167.76282152345266,False,False,False,False,False,True,,
42,366,-21.570447516629244,31.565167357862236,15.087108482211278,-46.778052464972845,202.72879569063952,317.4865981700139,416.73331427618,338.71660295753884,300.0,40.14497895440869,False,False,False,False,False,True,,
42,367,-28.54654354088781,-66.25820648998834,-40.85965875855541,-78.2101195060997,355.1853303089872,80.09361076634639,475.95037707414906,217.45795272199143,0.0,17.159866873267102,False,False,False,False,False,True,,
42,368,-34.62381606310817,-13.075628923461323,-28.095093737343184,47.73613004157778,344.7696268855523,315.1060141143055,211.43114677910262,460.6754705397161,0.0,61.16121519091127,False,False,False,False,False,True,,
42,369,-56.32849387124617,66.14097704993623,2.8605721069725405,-26.179025910926924,56.52917904030941,4.25127174444166,249.1787966643539,515.6080253125248,300.0,75.77183876065885,False,False,False,False,False,True,,
42,370,47.561950763556396,75.16699324011512,-63.87815662058031,14.748598960907117,92.57417065107958,195.45901407806667,278.181954225382,263.38622009734297,0.0,126.76466345581387,False,False,False,False,False,True,,
42,371,11.815248323935606,-50.66909410087355,-4.938650084461301,24.129962407045568,46.145546345809464,335.0139375156855,352.2898797816499,477.8111887537369,0.0,76.65241004922,False,False,False,False,False,True,,
42,372,24.624868899370128,33.60015059560729,34.580950558854084,60.01598352983561,220.89795661689269,100.15817461970026,189.80385714618285,392.5002477800566,0.0,28.22976782793961,False,False,False,False,False,True,,
42,373,-69.38355139670703,-41.39304772967517,-70.28685046369412,7.822014241050738,57.721724979432494,219.74663499605037,466.34605234530704,478.75228830874494,122.85000000000001,37.522591881676234,False,False,False,False,False,True,,
42,374,-30.47303869797961,7.832725231119355,10.081721613817436,-4.33805085533335,235.84100091291535,75.63136457647208,541.6972958347177,189.23193083637298,0.0,42.341662396437364,False,False,False,False,False,True,,
42,375,52.67538259249906,15.055357912190047,-40.82324044900545,39.30800010564796,30.413122443745905,278.7904204015619,385.9940888972054,194.30012735856064,0.0,96.59287325688813,False,False,False,False,False,True,,
42,376,-67.27910990522076,40.133813349834,-33.13025495938605,62.28829612275416,274.34628757086335,251.34848809837777,261.4424210533804,433.57780760864716,300.0,23.416284998126216,False,False,False,False,False,True,,
42,377,71.70362952237343,-65.35042650070898,-27.813977279429437,-42.452437526144934,141.57004838424,267.2397557474207,339.69703257015465,378.2922424480985,0.0,102.11793164100759,False,False,False,False,False,True,,
42,378,-29.735217907465227,-57.393717266063916,-37.290616169963435,57.548848198717934,216.87010637522775,136.07592235100415,465.962392694235,175.7829729819635,0.0,115.19061332647996,False,False,False,False,False,True,,
42,379,-39.37742593241829,-43.183495350825716,77.65832994691553,32.975773182841635,222.4029370998795,1.7945875060102434,223.72400083594295,404.2165171892313,0.0,139.6338151660631,False,False,False,False,False,True,,
42,380,-19.24490776293348,67.88486138864974,42.355875062681264,-8.418548351340803,269.82539191377737,351.1455565774398,334.39232988058825,407.0103551554133,213.55,93.72757235098827,False,False,False,False,False,True,,
42,381,66.98633840980722,-40.212054074212276,61.849266186604524,-64.39284691632278,233.44134141155274,281.8217358200824,395.8424877009704,348.21392166101725,277.40000000000003,6.918469836465441,False,False,False,False,False,True,,
42,382,18.775535988109766,-55.73380659528887,-45.50868634716507,-36.816104966985286,215.20056262681373,159.08438654822538,247.7903369943358,503.12373285783207,300.0,37.56534112904503,False,False,False,False,False,True,,
42,383,-20.172505553084257,-8.634924923217412,-14.447827752160862,-50.88912715571958,263.385725554884,161.44497441678888,156.50284395708738,535.6054809439188,0.0,42.64023384351423,False,False,False,False,False,True,,
42,384,50.52217785526619,35.769496654688524,59.054699282964634,65.08916057688805,121.49629429839791,219.9451242300115,393.52312368223767,256.9198675242388,57.7,29.462302913648177,False,False,False,False,False,True,,
42,385,-44.48763976846925,-61.774839228956466,25.490271346632454,44.94703856492478,273.94307262612136,113.85913578659076,232.10394018608088,331.4456713818488,0.0,127.61844398003447,False,False,False,False,False,True,,
42,386,7.490153638481701,67.05394047496893,59.97170468384866,66.56933300829243,306.09445864895264,347.249233597072,336.199998867623,168.98939897323774,0.0,52.483788397220486,False,False,False,False,False,True,,
42,387,-66.63007485624348,-17.55581731642509,-38.77006539632043,-52.80950538222923,343.1533588231135,70.35105182782408,533.7517089260924,454.33553612848283,0.0,44.933313358220346,False,False,False,False,False,True,,
42,388,22.55130754003575,28.16303361430053,-26.96410821454016,23.42832608932514,67.20916258125551,337.5739557129526,270.7173359842374,252.07460491741688,0.0,49.741269110222376,False,False,False,False,False,True,,
42,389,33.78604771106521,25.031794890589097,-7.792173065071154,21.191397550525807,57.41750583390821,242.3981906647038,258.2442780780775,259.13439067058295,0.0,41.755204401831186,False,False,False,False,False,True,,
42,390,-54.051210408994464,-26.81965839421366,-26.9998303501875,-7.331358127636918,68.55102167988582,69.48271301715587,366.69542866529133,201.55096186819006,300.0,20.181879374159244,False,False,False,False,False,True,,
42,391,30.223521278213624,71.03154013801546,-11.71270053369949,64.17685010410827,35.3939728053112,15.464745855232046,438.547551005536,454.4086291925986,0.0,42.49274614941854,False,False,False,False,False,True,,
42,392,54.8893185545202,-70.90917145600298,44.30512879309288,-19.753802752546918,109.2015477655915,62.28861168358689,548.4063020410108,175.46543572754544,0.0,52.23884397737411,False,False,False,False,False,True,,
42,393,52.32128233727991,22.31910967848441,37.612871081898746,33.87473918748742,309.03641462634573,66.16514514819899,150.32984673387415,389.4113956173064,98.55000000000001,13.387860424412601,False,False,False,False,False,True,,
42,394,-23.382617708266565,-60.194027021257966,-50.217799343321786,-26.92011000652434,25.28401351921316,20.488752766242307,516.4105019329777,274.8410997414785,220.4,40.06090972097764,False,False,False,False,False,True,,
42,395,77.15691159577358,74.29872133286398,-57.18859482766179,34.38788846339054,216.28976008574492,248.6329463178553,188.4764000057899,225.4240314538232,0.0,140.1484558477344,False,False,False,False,False,True,,
42,396,-67.73781416785896,16.661472834731384,77.85457213585457,27.517526025270627,255.87415260789467,354.4506149555812,421.20462166871846,166.07262905138813,0.0,145.99656448179033,False,False,False,False,False,True,,
42,397,58.720896137055604,-21.651473539392597,-79.30182055764554,1.157468409731294,337.32540031545494,92.63904739019395,346.605269221136,219.5107551129563,300.0,108.71592489539826,False,False,False,False,False,True,,
42,398,-70.76917253336958,-67.1128085259019,36.321744953816875,58.25191531874384,51.58758213089679,103.79468441176874,228.01178705793092,160.74231077057118,300.0,152.47911827983708,False,False,False,False,False,True,,
42,399,8.549019181917373,31.987547222023608,23.660396941611282,-17.911432431640378,199.80368853836592,33.87575038904088,211.72148748907378,522.7178478211933,176.4,37.93126759119275,False,False,False,False,False,True,,
42,400,41.841239651183486,67.63825533202677,66.66884551989875,23.902818737238505,334.16591332037945,150.01347710968676,151.44649791397637,175.02844633846377,0.0,50.29113666749848,False,False,False,False,False,True,,
42,401,-62.48202788786956,-64.74344749074235,-23.72761746395785,32.20332913749722,284.63357037617817,212.47677876406487,208.57446982279183,449.1606408592701,300.0,70.54673514893403,False,False,False,False,False,True,,
42,402,-23.231692937984164,-77.9210642125126,-35.1058207147601,-27.103911337443535,98.72839267851705,292.2732551475308,453.9705590376361,428.2208121650566,0.0,52.18599368400819,False,False,False,False,False,True,,
42,403,-57.75918743803756,49.253425553005115,28.348153866131796,-48.8259701629773,233.3138149013459,174.06419076132516,325.74002474249005,194.84926538895553,0.0,130.5145282736178,False,False,False,False,False,True,,
42,404,2.9286841352264616,-64.01091056442182,-53.71945803931734,-58.792589716037966,343.47898046520277,102.55128855980043,292.0817294384031,278.83224251841443,300.0,35.61129493915196,False,False,False,False,False,True,,
42,405,63.720071228503,10.074545813582162,67.06558382932988,-32.01201506753671,41.34048279550162,200.23864298070285,288.214796716007,470.7627333962993,0.0,42.21932094861803,False,False,False,False,False,True,,
42,406,60.70774542586537,-4.3882382548685115,75.41744385368133,8.482081015104939,97.53134161907249,176.03118552393883,164.92411696117105,471.60046410522705,126.85000000000001,10.519490063863918,False,False,False,False,False,True,,
42,407,-63.770391863292645,-30.600241839519207,10.450647520790938,-73.12397989649618,28.554083705321368,250.60188874068461,178.7108372243075,340.8331464989506,282.35,76.48086865794137,False,False,False,False,False,True,,
42,408,-25.808698652679936,-43.50729472697337,-49.79537634181354,42.1458069972127,342.5551895341017,50.46470719319942,533.8724876696508,387.9050013900415,300.0,65.36594952503309,False,False,False,False,False,True,,
42,409,22.665664858121133,33.5882205028131,32.659022456732956,51.16977730971013,174.04871448517108,192.0090915052924,279.53080098536634,192.10303751324682,0.0,20.223212797374206,False,False,False,False,False,True,,
42,410,26.342430548195054,-74.62240493019985,-35.898391826661076,-64.92322168862395,68.6617766361785,229.9431286430571,401.39065208196723,318.42196519828485,0.0,62.99201636280631,False,False,False,False,False,True,,
42,411,-65.57248376168141,-10.66017336649466,-23.560820502673053,35.273464456951956,208.44957895165862,176.96367624131963,344.79283292199807,536.5187549041675,102.2,61.65501801907186,False,False,False,False,False,True,,
42,412,41.00707547255209,-0.4832703263795537,-3.324381937763576,-75.76334379120584,339.3033347951304,114.90262983623867,252.37563275229752,549.7635701550685,0.0,87.36342242032575,False,False,False,False,False,True,,
42,413,34.99034744072391,-72.42179627211392,-70.09832367590776,-75.91974976636834,215.86280382463286,25.76322002230265,523.3553427379723,524.7626160090712,195.95000000000002,88.46968963044554,False,False,False,False,False,True,,
42,414,7.368650679692763,18.662229023352126,-33.29689575596003,-69.76439321467626,265.48576026905357,36.642955949646286,184.22305640735726,274.4892436816895,300.0,69.85322474259844,False,False,False,False,False,True,,
42,415,-78.00549442593888,-10.554301478989444,33.22894561281228,48.21582902751024,217.55062936761166,304.87471312100854,312.60088150684413,489.50883402419066,0.0,125.80552011134301,False,False,False,False,False,True,,
42,416,1.0357296797406832,-44.31421952027275,71.06330346567455,-36.00466018606136,9.43253430760552,87.36265546380969,296.6750245029711,290.5398733157056,0.0,70.51886177947848,False,False,False,False,False,True,,
42,417,3.9468015109714685,61.30030112574775,-33.22588366244814,3.32329727346702,122.45002332785256,295.83830137435217,213.04060531539136,191.4041073240234,0.0,68.87046898845357,False,False,False,False,False,True,,
42,418,0.4792405180162831,27.502013722478708,47.28403217452265,14.339976464850622,278.5859140748402,141.37562108193256,163.1470681065876,196.4397231606226,0.0,48.62024009381441,False,False,False,False,False,True,,
42,419,-73.80438380336061,-27.369015923761175,-0.7213853970108346,-22.9892026148897,201.81581102390118,173.01929345740356,421.17712074557613,416.78486542536245,0.0,73.21412036406018,False,False,False,False,False,True,,
42,420,-29.10973646261128,-24.605687142225356,13.623651462608535,15.429194862534686,113.29196890936792,118.91443887915307,427.6180052744588,408.96432915042783,300.0,54.81005562590767,False,False,False,False,False,True,,
42,421,-58.39187125123605,-9.433299251937058,62.83297259369445,-74.19109182328397,307.8590207343169,58.744136543091706,352.8994529846864,319.7345715692046,0.0,137.4373837932801,False,False,False,False,False,True,,
42,422,-78.37930602536659,66.46350993434112,-7.211963626511107,72.6829242816984,103.22780435251843,311.8592784297501,518.9558295982522,372.7329665483122,257.2,35.872247335327216,False,False,False,False,False,True,,
42,423,-47.5715539411652,29.639589136915205,7.836490644713621,71.12474653642013,158.13794225177705,96.66491315033592,205.31480059764283,429.4534274746718,0.0,69.21755333217459,False,False,False,False,False,True,,
42,424,75.85753903689317,-75.46499670857625,38.47125676450028,68.30885800954667,26.921352321845763,39.661216238207935,426.78283937988346,409.18535035831536,300.0,141.90508068038116,False,False,False,False,False,True,,
42,425,-68.98761354940069,53.507640344185035,3.7478156551827766,65.151579733858,316.0767171573736,292.5027968580597,356.3595584977685,250.6842566997729,101.65,73.52028925701465,False,False,False,False,False,True,,
42,426,0.9560806257812118,-63.87017955171519,25.41538375574818,-58.56364492335878,184.02226650026032,19.5775107000544,269.80499610985834,242.83218426791512,0.0,25.028320346470668,False,False,False,False,False,True,,
42,427,19.20504683386727,45.885873923601395,-70.83152727351582,56.045389624861485,309.8763701836576,123.2168667436882,413.60162638812886,311.0452126813798,300.0,49.38465027581873,False,False,False,False,False,True,,
42,428,-55.32945884965896,4.58598697009765,-66.18245207974454,60.55554486335805,332.7443133874591,295.78072932410527,375.01124830239144,373.039436450182,300.0,48.38931031665016,False,False,False,False,False,True,,
42,429,77.53718025614876,-40.335729627010735,-67.8482614551668,9.910547776188437,118.36281521163718,116.04195821089593,152.83414166797922,388.4957638191732,300.0,134.27032777059532,False,False,False,False,False,True,,
42,430,-37.75460763590175,-49.942632289171044,-73.53089097711941,-21.70214776390219,316.42879405912464,121.20149073505404,421.6296840478375,452.6187853607629,189.35000000000002,0.20476445216918174,False,False,False,False,False,True,,
42,431,-27.50387052956807,51.462517601926606,30.700745546711858,9.478756592152251,0.3572870582264098,12.632675732210927,546.3463376424254,462.91356940142373,0.0,71.76638155231872,False,False,False,False,False,True,,
42,432,70.01044140367154,64.3685127868844,-76.72912269715987,46.695566366571825,162.41246784401565,284.24095344023607,152.68631366535405,265.2797204802257,0.0,147.79997533043516,False,False,False,False,False,True,,
42,433,40.21180412660834,46.88332617625436,19.154336194339834,-31.7990096885978,111.73053286363066,348.03502691113175,325.68487169368177,328.8502200975348,291.8,66.68164550794597,False,False,False,False,False,True,,
42,434,8.373240038511923,-14.479626101697804,8.427450335586272,-10.826332357190736,297.6173710567872,327.2583671273822,522.8441039261447,375.7184823317546,0.0,3.6536959287772373,True,True,False,False,False,True,,
42,435,-9.256230805680744,32.83840940669407,54.13177460734505,10.07715873062034,251.99316785601405,269.9025662596493,420.55751068691467,448.4534222917238,300.0,60.54605916211487,False,False,False,False,False,True,,
42,436,-46.616746791040256,-0.2600724765123914,14.12296873681396,-79.6035310628763,308.1465031729255,219.60882304016835,201.65453267928132,476.54282903033084,0.0,99.92345802088066,False,False,False,False,False,True,,
42,437,34.729114630487146,41.32792695418192,-17.273206102103003,56.67240107119875,149.0499295676504,205.38329506041288,150.25692147994948,407.9492458711449,0.0,54.2189473109076,False,False,False,False,False,True,,
42,438,34.90812674046987,10.737498478206774,-0.5505892730214299,49.589835793873334,245.29417817948706,100.10665429920827,533.6293352319943,432.9068776781363,112.4,44.00703422063495,False,False,False,False,False,True,,
42,439,78.07022862598794,75.40181060301893,67.02555564961438,40.85944659604921,219.39457265890826,61.98143892585272,367.3405669695031,456.1506089577309,133.70000000000002,20.37904427457209,False,False,False,False,False,True,,
42,440,3.3371453928908466,58.91826054490525,-62.45505612932828,-19.049544312218543,182.14719069371662,155.63710651287892,193.43461912862125,211.4113176178522,300.0,97.0799796974219,False,False,False,False,False,True,,
42,441,54.01876685687793,-2.4985185277678426,-72.20441171956358,-77.36139856357602,170.45114471795756,59.17634133279973,432.0503783996887,468.1293850111005,300.0,100.5779515472991,False,False,False,False,False,True,,
42,442,-43.4725266468631,14.748311181084915,-55.288857042338236,-31.42677574489808,319.966377905316,195.8753129336319,504.35547805768005,240.09912167180278,0.0,47.66302882357682,False,False,False,False,False,True,,
42,443,-27.196105080213435,-4.647657846909269,-3.1871879688731326,79.62367474939208,41.20031482960683,306.7074128165727,495.4728157687481,371.2794526151149,241.9,76.26889631323037,False,False,False,False,False,True,,
42,444,-24.954053078535395,3.0761766861273827,-33.20516723094979,47.85719175039033,179.38049713571885,333.3031843958822,399.0765377424175,355.7277332458733,0.0,45.53482398057467,False,False,False,False,False,True,,
42,445,33.77109663642436,0.6292743088374806,64.72101606711155,-50.48864625810539,350.40552614852606,292.3885986664291,494.2933447459478,343.1631329484285,0.0,59.75733692070212,False,False,False,False,False,True,,
42,446,53.952247894015585,-30.91614662764718,41.91170857026803,-57.527974657756374,110.53868974650312,160.46375880950382,278.92788725736875,304.8068462496734,0.0,29.208970853332314,False,False,False,False,False,True,,
42,447,51.21675916539169,-38.931857257253185,39.24498754473156,-68.2060689421357,275.6660787054219,285.12836741871826,310.6795102009928,438.9911292669882,193.4,30.69331420065011,False,False,False,False,False,True,,
42,448,66.42214459921587,48.11407576872429,-17.52855833648642,-2.525837715189695,280.56871612288995,105.33405234568448,471.5530961235494,281.22845702437644,300.0,67.95540709396637,False,False,False,False,False,True,,
42,449,48.958493181686094,-66.11192906388426,-72.89643249430557,79.62807157917157,313.00456436448803,317.8251012478334,530.511979042647,325.3265237657952,300.0,173.24440466165888,False,False,False,False,False,True,,
42,450,-34.10631125117565,-59.196000797135525,0.19346136615432385,-44.79226872374275,336.7983084261551,1.4411384794004745,207.27869509724863,248.5903412333707,0.0,37.20136958826412,False,False,False,False,False,True,,
42,451,-48.166926145088794,-43.875450147246355,24.967616809788552,-27.598067469896122,221.4087774852144,320.49285611266487,391.02270621028083,427.8131165145526,0.0,74.9240586196697,False,False,False,False,False,True,,
42,452,-21.519472284582832,-54.441845180366535,-28.70655000801502,74.28522379265729,223.85209840312936,99.90400299624547,330.3661068648415,484.20521497239775,0.0,128.92754698895146,False,False,False,False,False,True,,
42,453,26.95097131292377,9.704454516666914,61.62606026141458,27.590331554686443,231.38270308479434,68.31652939587653,192.5554732049631,536.0568468229596,0.0,39.01623240402517,False,False,False,False,False,True,,
42,454,15.817339216056439,-13.490654536571341,14.243331345634815,-70.11008622852555,295.96581860547843,77.99239280316095,471.8184025271788,363.75137730544424,0.0,56.64130600450538,False,False,False,False,False,True,,
42,455,-35.74847781489556,-75.16640828126873,50.53333685225692,-51.76637736491094,18.64984163035444,272.1159830973171,290.01728894919154,305.73360223666,300.0,53.11239133861002,False,False,False,False,False,True,,
42,456,-40.46918603508496,57.46855659150353,-32.42727582295487,-46.369188839836184,111.3299014810162,73.13384706026291,277.062088322083,183.1744891472692,300.0,91.01796032178945,False,False,False,False,False,True,,
42,457,-54.63519534088667,-13.271538656616343,60.71469689438021,-70.83348052443426,76.56289443361104,327.00444319497467,506.00586966396867,421.7803333183765,300.0,66.94480060825747,False,False,False,False,False,True,,
42,458,-41.52423134476193,-12.830310231074279,-46.20464088992559,-59.42583853996748,136.79942202500095,207.29577782532607,293.9730701859221,394.3298201863879,0.0,46.83000631961656,False,False,False,False,False,True,,
42,459,-32.599242339311125,-24.66391555827356,46.50777466313754,60.530356943017296,115.93226935117875,205.74568848429945,261.26491355690723,171.333856682971,300.0,97.69237382922448,False,False,False,False,False,True,,
42,460,38.05714901766528,-52.63944268221594,-11.885996200493253,-2.07272105933491,66.40977030447813,34.03992623882266,289.20520586842827,530.9143630201274,0.0,71.07257621592181,False,False,False,False,False,True,,
42,461,18.421694398147423,-18.974363455535595,-73.77426867612562,16.043725022573085,33.21275073673413,195.3158655771095,450.7802033086972,319.4341393179145,0.0,98.62232063713247,False,False,False,False,False,True,,
42,462,-32.0941608293561,-72.41852258918422,-76.03553997414451,-11.195748856716605,318.00429745306843,87.86260036554853,379.6222023127285,423.7223278719047,300.0,40.98469227083725,False,False,False,False,False,True,,
42,463,-70.26722119978217,-55.503939871459664,-26.99571305286927,27.214907863771288,158.0526404021149,264.31022455856834,497.039146229277,453.34891063941717,0.0,93.35326018920107,False,False,False,False,False,True,,
42,464,78.75955317011986,40.69777099706394,56.348671201192076,53.17861735440016,262.89567442081676,288.64865399612063,523.8732911469641,340.082951410517,117.80000000000001,24.165676431455033,False,False,False,False,False,True,,
42,465,22.125923826006968,2.3903554516436287,56.16591795073168,-10.982463540558825,295.10163761210384,287.76764702057,534.7544405474362,249.56827970296752,0.0,36.57257835878548,False,False,False,False,False,True,,
42,466,33.53912158174596,41.1071196235978,69.80455884874652,65.10438688888496,206.4693102150414,208.49514691103272,216.91649136169175,539.9850809695084,300.0,22.862924730787057,False,False,False,False,False,True,,
42,467,-39.19720596745171,35.95779495220674,47.327200768850005,-9.405519262179041,76.02973921046089,68.02573831908722,492.5984003606367,354.3025946994059,300.0,86.26766735373918,False,False,False,False,False,True,,
42,468,-65.57808287387732,34.7231156420622,-39.97263155119526,60.223160120140676,111.44584297079109,72.09749883245152,183.94337742197374,354.61245465505897,0.0,36.137119500898535,False,False,False,False,False,True,,
42,469,-7.881985949074021,40.20994313650286,-5.663586049114173,-24.989444972100628,94.19576962785986,100.1328283691896,521.1391607311256,216.03144083512493,26.3,65.19849915311755,False,False,False,False,False,True,,
42,470,78.10822792914402,-27.692887169244038,-65.8575623332004,-40.2095390739416,21.029176639662733,284.41071689900974,355.0211650164422,284.7946475467204,0.0,144.50887633901496,False,False,False,False,False,True,,
42,471,25.92793674104999,20.903444152051236,70.37953427641443,73.80168267974074,245.0461592395459,294.41373380790066,466.97004013407144,346.5214130799599,0.0,69.09535558037423,False,False,False,False,False,True,,
42,472,32.71332608534671,-67.47855877062877,41.28337330404911,73.89328115077882,30.590911125265837,301.00168245306764,523.1920106597086,240.47555592082483,300.0,118.24270107503038,False,False,False,False,False,True,,
42,473,3.9697900174726044,68.45731607407816,73.63616072367486,-59.538818503629386,125.64152119996223,251.3320708143084,238.62339975437212,279.90825145379233,300.0,127.79444521290107,False,False,False,False,False,True,,
42,474,-76.27343039924908,-55.436531051008174,9.972719106839008,24.49441060866924,233.6082591945013,280.209769480158,316.1125654955166,259.3962864964622,0.0,117.58976885439164,False,False,False,False,False,True,,
42,475,-77.507087993196,-46.9392278316181,-30.017950047674034,-51.486902963125516,7.252009738776812,56.68113911946897,416.43982142702896,401.8341665890383,0.0,47.70638921476394,False,False,False,False,False,True,,
42,476,69.7093823036868,47.70692662356949,10.84097869459059,-57.99098440108619,203.0658548130565,22.174221929105077,322.35395896434113,306.1034515788782,300.0,69.2039707403057,False,False,False,False,False,True,,
42,477,-11.549790501929337,-35.22785305683405,29.73287161981179,54.551114767804705,276.6661173356319,225.99075448471692,365.3379197332053,162.43367200321214,160.85000000000002,97.95669333188148,False,False,False,False,False,True,,
42,478,35.6694397907074,7.197270332559583,-36.6814318937781,-27.545273783449332,336.8184431291069,224.77040824220174,340.3649738630113,398.3686958833631,0.0,80.26015826770909,False,False,False,False,False,True,,
42,479,-13.801228002294877,-4.770836287517412,-33.55051892677274,-9.623471905336885,246.81320367764778,14.379093031128916,468.0109629184619,263.19181634452514,97.85000000000001,9.467656914643932,False,False,False,False,False,True,,
42,480,29.209566949199953,22.836050348809607,24.42048786260885,17.300626600928467,345.27666170503255,183.0038985703407,442.9276462061406,432.17973249383107,0.0,7.319576119300266,False,False,False,False,False,True,,
42,481,-42.197187635467145,-34.6710657301079,-12.157264294885138,-35.56833112588652,132.0275156147855,140.74582101419014,391.5458243753376,237.95601709402465,300.0,19.18315859210162,False,False,False,False,False,True,,
42,482,48.68669854026996,-9.994182916559268,32.9990578693195,-66.96920300146914,169.1875418847721,10.159031583838193,420.36399672622593,287.4840307988278,291.0,17.9778347246805,False,False,False,False,False,True,,
42,483,71.88045025693259,-28.1401256637729,10.208943682836292,-38.81798788886165,223.24054642104252,168.13524604796444,298.2513046022532,231.47573963207196,300.0,42.259349374435,False,False,False,False,False,True,,
42,484,-62.15658496456715,-60.819338566932274,79.84640280088851,-14.030283702842453,0.6946948344022053,343.05436462536517,157.99196969192505,317.43445022181345,300.0,146.50696825064884,False,False,False,False,False,True,,
42,485,34.79641375530494,66.33587909948187,34.06180662913616,-5.819879215998114,350.79913403427724,14.154977891977353,544.7568810152031,489.75662068337556,0.0,72.15949768195297,False,False,False,False,False,True,,
42,486,68.62880274021745,-39.23641214439414,-57.20670843451684,26.130444699632008,185.7093976750032,188.3404658679766,519.8476713932871,398.0323626613049,0.0,141.80057068388012,False,False,False,False,False,True,,
42,487,-30.22978638326562,-15.989350973139835,-58.6406663853038,-49.22975355588971,51.60602527543386,291.7048828360876,431.94938718884754,362.1380070443407,0.0,43.727593877933614,False,False,False,False,False,True,,
42,488,-20.101146619588675,26.95908645189607,50.06485563132176,60.99731450747345,196.92584215428008,295.1586438550923,354.522381365078,339.8120356751564,0.0,77.98633752804567,False,False,False,False,False,True,,
42,489,58.46909689953603,-18.180170197653766,-16.653971353487634,-31.214184754413417,186.732622186062,196.14601212820585,414.1844581241828,322.2009240438282,0.0,76.2453993314631,False,False,False,False,False,True,,
42,490,-45.146033298624104,58.694729986220125,-24.6398612419177,67.67094717442797,74.64719988952407,201.62069144504298,364.64603741178087,481.4591391707981,98.35000000000001,8.445365157180271,False,False,False,False,False,True,,
42,491,-57.783778119867236,65.58994766679382,5.028507547531234,13.777501426298628,183.65986558719615,12.968966461055928,348.83626472263927,255.41986507079622,257.35,69.10799548945238,False,False,False,False,False,True,,
42,492,-25.16989113954697,23.856255869942387,-0.3684592841430572,-65.08508597320633,26.294858914233213,66.83677042225332,226.35405862888945,393.320302788546,0.0,92.33457267425935,False,False,False,False,False,True,,
42,493,-51.54968575271315,61.0751077239633,-46.4382943018539,-65.41896873177878,315.2685658894729,106.31792738762388,320.1690519334943,533.610553604977,0.0,126.59730526735171,False,False,False,False,False,True,,
42,494,71.09907506524382,34.38670228238685,-68.96976772279125,14.934420065823588,356.0680566152128,340.889842232633,192.40099700797714,308.3869212361475,0.0,141.41312528691282,False,False,False,False,False,True,,
42,495,-29.51412065554571,-59.243502895215116,31.167729799801748,-36.18426170236212,124.15168912510721,32.52919561251046,349.18702351146624,213.26714546082258,40.050000000000004,64.75156489605645,False,False,False,False,False,True,,
42,496,-10.865532227281733,-57.06524446347176,72.61598239202331,-56.80279468845718,187.87937538622796,70.9127371148355,180.5447213890437,230.92344753683926,0.0,83.48192716401346,False,False,False,False,False,True,,
42,497,-71.23614281753022,-57.696418700641786,-1.042534757885278,24.29048336921187,31.442333425842044,158.76670460553666,382.49880914134076,243.69027048442462,300.0,70.69344189023569,False,False,False,False,False,True,,
42,498,-20.467454157435938,-68.50642084262262,-44.779027162704814,-5.31953185296959,356.55918441311604,358.655422658088,541.8486724497152,319.23455452013104,300.0,49.929452993087075,False,False,False,False,False,True,,
42,499,-67.0911394536536,-28.228250040106637,-41.96569994064363,-77.73974801442327,34.284099703815144,163.1490966176638,285.86498552171884,222.1414886537932,0.0,55.52185283636239,False,False,False,False,False,True,,
43,0,24.3678820321457,-72.99594821776054,-76.7952661001253,54.2740132017648,211.37149713170103,80.89388287330479,450.7169087274462,255.47687899134988,0.0,162.57806008117848,False,False,False,False,False,True,,
43,1,-12.80353444539712,-7.8349780798225765,72.85033267539802,62.70426706928683,100.30788918681966,100.27234720057524,318.79982993890513,151.63108999439547,300.0,102.52564984760896,False,False,False,False,False,True,,
43,2,-30.572197160779808,72.28064263417832,54.112764522956695,5.620521135616642,174.77587654469554,340.24560485428384,387.2696749856656,527.1471674274842,300.0,67.24593819368282,False,False,False,False,False,True,,
43,3,79.66107908385928,-74.5976553094886,-61.0303036652245,41.79181407629554,45.40948883759017,123.06342784268338,270.0077159185888,370.4180362358892,300.0,155.35450810406215,False,False,False,False,False,True,,
43,4,-71.9008380322501,-7.844739307593983,8.866649945811545,-60.9327161085026,122.91303096807778,181.6386296951331,271.58604422895536,317.13453406125126,300.0,90.7707606682153,False,False,False,False,False,True,,
43,5,-13.670239736621937,-65.06978525490325,14.0794240942909,-68.15106214841737,208.98699548122093,29.833745744591,365.6495270621249,490.30759317166275,0.0,27.920209705931224,False,False,False,False,False,True,,
43,6,-33.79259835014004,-66.76082292985085,-28.72318524216535,-12.080129042017077,220.37961842272694,54.5514589438846,151.58454548944755,487.23292537072234,0.0,54.91518217500773,False,False,False,False,False,True,,
43,7,-7.185709127200667,11.780897411393966,48.212506089032274,42.11952606802747,310.2962634539645,115.90237320144546,227.51782137573838,155.08143288585262,0.0,63.16165480660847,False,False,False,False,False,True,,
43,8,-16.63087180710184,17.040822168652184,10.642820997537001,60.61059507730235,298.00019630310885,178.75270421848623,199.0764113302315,350.2306407260388,223.8,41.85086095976509,False,False,False,False,False,True,,
43,9,67.11777425594914,60.93692977264763,27.852094929023536,25.42491836320515,298.4515627604398,247.33382784291928,399.67714039730174,310.70463603042725,0.0,52.94238875749115,False,False,False,False,False,True,,
43,10,-16.078917989748405,-2.185033932452086,61.07678383146114,22.64429421100438,297.1673785387416,180.96512330124966,364.58617316514153,429.5171821994746,0.0,81.05243894898436,False,False,False,False,False,True,,
43,11,31.13220449490329,-44.88424686701342,68.30955774671816,-44.05221071694888,236.942744042924,130.44782171718737,262.6005277693792,547.2903975189327,0.0,37.186662648928895,False,False,False,False,False,True,,
43,12,28.72493651774417,-34.6625120358425,36.35024359935187,40.42416701123901,130.63266240568498,335.9392790985408,537.7940524176561,256.1689985694586,0.0,75.4728737919012,False,False,False,False,False,True,,
43,13,36.910194887576296,-47.69593513132202,-45.052925358216655,43.62318973866158,340.27767451684304,178.54947158390925,275.61251831864604,262.9227593285175,300.0,87.80590130559776,False,False,False,False,False,True,,
43,14,-7.393211994242591,22.444906131570434,67.03833118641487,39.60305423606172,316.64181128193576,273.1807050827626,322.15694967063183,531.3812085517384,300.0,48.6496813017777,False,False,False,False,False,True,,
43,15,17.124077251261298,-7.487515214715174,28.57562549568165,40.55204149980662,205.68435338430893,174.0058637015517,515.5535148630945,353.16352204113645,0.0,49.385594726823356,False,False,False,False,False,True,,
43,16,6.0881008613102665,69.86270069757819,73.78381965966253,24.28937725960236,154.1560878243493,52.09654498382883,189.79809791579822,271.75389974017173,177.45000000000002,79.62613927276816,False,False,False,False,False,True,,
43,17,-78.40596123535526,55.70204321436236,-44.207101711217774,-54.4920176646165,177.12505348866694,230.12411314232816,166.13630756278548,200.9573030190991,300.0,109.07642848991534,False,False,False,False,False,True,,
43,18,73.56984777313221,17.607411703856485,69.27239238682483,-46.25883532065483,288.11845385216196,52.676356300984764,398.3549454133262,471.71871683414724,82.35000000000001,61.53434855746078,False,False,False,False,False,True,,
43,19,-53.11672907130912,-65.40806849629348,23.43664637922302,-3.353119209564838,193.69533310858307,249.82500473920092,488.8447449336378,404.8049011074473,0.0,98.54560377738116,False,False,False,False,False,True,,
43,20,52.96181983746715,75.7993844652899,78.23213548150554,-17.169118113430386,87.04034410022739,310.59537008374593,282.14730694107857,472.49684885926064,300.0,74.09922163065629,False,False,False,False,False,True,,
43,21,-47.73503900662121,-52.01722733053877,-10.58221269067785,-17.313836257255986,29.366550733986593,345.08373357347506,279.6702459607777,196.2907963725685,300.0,37.07801349442501,False,False,False,False,False,True,,
43,22,-40.49052762935085,-68.30176527009613,9.766938716780501,47.02920398470154,241.22440296387688,143.74269726250932,463.9012548091903,317.9962100457151,0.0,125.805585697868,False,False,False,False,False,True,,
43,23,-78.89202439770847,-14.79617676149877,-61.46662261755264,-56.39620854679434,51.05240207878882,107.72936860899476,282.06174499493807,382.2530717524619,0.0,45.10218699506111,False,False,False,False,False,True,,
43,24,69.45045435371551,14.033026112915877,54.961569152118045,76.57065629391607,189.66265555774984,36.859825115534804,169.56135832982002,487.2017570578116,0.0,64.19410395854604,False,False,False,False,False,True,,
43,25,21.29599547884729,-0.9893966336578046,36.76951418424244,-79.49597555754582,307.5122169779666,259.4962758253766,365.9352473244767,422.624397040052,0.0,80.01695267541042,False,False,False,False,False,True,,
43,26,14.965839333847043,-8.665236131922839,-0.1912343848496647,-78.97095966525042,235.89142328527836,353.91764444735855,324.0747772406572,200.73304467369445,300.0,38.90894467257657,False,False,False,False,False,True,,
43,27,21.91225134117613,-9.137792339486722,-53.573047211082624,-4.801336681160109,52.41898130915613,294.9756983559984,343.3835701115087,451.0988843960463,0.0,75.60975562187905,False,False,False,False,False,True,,
43,28,-60.935655612717596,-66.5431509536203,55.91613997596966,-10.399958776234314,279.17662219774434,35.58844631841068,244.71429905906393,514.1900359028109,0.0,129.63950077105065,False,False,False,False,False,True,,
43,29,-61.396232718075595,6.022489384012346,-35.572444861269155,-31.849565083602265,17.917318941286972,244.87109610854384,169.27658449749305,284.3330487618148,0.0,45.838417608718906,False,False,False,False,False,True,,
43,30,5.582459735748202,75.60786692667224,56.36548135243234,-2.124754804393433,293.0123439011162,125.30685611122571,163.34106166562427,232.78522349585188,0.0,92.85082533669559,False,False,False,False,False,True,,
43,31,-70.94628341423225,-28.489338752774565,5.1506801926378785,-24.888985899488354,189.80542235055222,182.6266040890449,254.48368800755236,490.9504073858785,0.0,76.18208720462759,False,False,False,False,False,True,,
43,32,-14.54576966928336,-47.40894726554741,9.102369757567544,14.145072858207172,216.1791007202617,259.545267730406,317.3520989568743,221.50398929368555,0.0,65.94036617844463,False,False,False,False,False,True,,
43,33,69.16287408920627,23.710876026526705,-58.99629135638726,-47.41068933824151,146.29760192904507,217.64202826918802,545.0350413371792,245.78141299428302,0.0,146.57096829742926,False,False,False,False,False,True,,
43,34,33.50701293671874,68.75723383245452,-18.382874710966597,33.0641487294651,57.154893894262536,150.86216895091405,268.1989379344901,300.84558374240123,0.0,62.98060625508976,False,False,False,False,False,True,,
43,35,-34.10350921032851,44.7932498446424,10.190353002616433,47.56317688642207,132.7806688548637,119.19357162748867,279.96100146702156,247.68005447552986,0.0,44.38038672157031,False,False,False,False,False,True,,
43,36,32.883936990552144,61.66284095253721,-51.14008784174466,-74.10469112626906,20.757278656672668,15.403499555184489,345.6856394809679,457.1501493024771,300.0,151.47802066349058,False,False,False,False,False,True,,
43,37,-25.344028270351316,-15.378938117955045,62.82318008249496,66.74063953304204,30.592427040281073,90.92395403196684,543.7575289469997,468.468514437395,300.0,112.472455385739,False,False,False,False,False,True,,
43,38,65.376539552829,48.578251235496396,-13.157273619611303,4.081961593980196,253.1699096595774,252.66325869766933,374.3234915665708,152.9877213695911,300.0,72.414655680135,False,False,False,False,False,True,,
43,39,75.04619456298482,-24.7274707132717,-71.49439904905648,22.107640082719996,199.05655171885735,218.40652810560493,465.40492079887076,190.62694778315637,0.0,153.8430147242385,False,False,False,False,False,True,,
43,40,65.64488903302586,38.91681551379479,-41.34090151139239,12.309615282955306,328.65815113550934,153.98942110929949,428.64853258833915,444.251388210466,115.2,106.65446972010976,False,False,False,False,False,True,,
43,41,52.22347159211944,-2.4241142302854826,20.453695282822068,7.853326146063964,164.27199188675888,72.96335291025795,326.3150081329595,312.6053874613434,43.35,32.93381781538152,False,False,False,False,False,True,,
43,42,-46.06353725308209,-74.90182541296777,0.23013067794379083,14.575279987834989,332.0485271552518,202.63092124149102,305.00001468274627,150.88819882565002,300.0,76.93856377877135,False,False,False,False,False,True,,
43,43,-65.97299130290699,-39.82882891552089,-10.907427937895505,-52.64501777974896,311.8319170091372,8.65096091776579,386.18307576164136,427.7924860312795,0.0,56.53734133923931,False,False,False,False,False,True,,
43,44,-30.322887657276638,10.355285788488743,42.74353134280926,45.46138841006227,64.4028725480959,262.08868699507286,514.934483022012,187.47696049517987,300.0,23.764543949178695,False,False,False,False,False,True,,
43,45,-24.719806510603576,60.61721826609181,-43.81420690405619,-49.61844247661668,328.60679980895185,251.0629199594799,298.79917152785697,526.7630670328333,0.0,111.87715149111996,False,False,False,False,False,True,,
43,46,53.81668005144428,10.4118184238596,50.48856700772029,14.677120325097505,207.3708573138955,106.52787128081282,392.5858579326748,156.8773339766252,0.0,5.41009581620413,False,False,False,False,False,True,,
43,47,38.1838968494114,48.74170922021085,-50.760761693547764,-31.632198778858367,79.45626831005568,10.790321823187362,286.2631902201256,321.2537057494925,44.800000000000004,119.80318863015701,False,False,False,False,False,True,,
43,48,46.925496157360925,48.41860453859522,11.860994993182516,-42.8813520591106,268.83682249923123,25.995409705846562,455.60913613193225,272.79720408183823,300.0,71.26576990090669,False,False,False,False,False,True,,
43,49,77.44631227933357,-35.036069047782675,-31.31934605747402,59.913959874397875,94.57766348248285,322.93939011968683,158.48236986922007,540.6415509025145,0.0,144.37962607571086,False,False,False,False,False,True,,
43,50,54.69837216178772,-14.562634350561297,52.33693267788556,64.53673128747101,310.4833377699376,70.62929763044197,162.6196429918517,328.5434946702048,14.450000000000001,79.11542455564569,False,False,False,False,False,True,,
43,51,76.68668294730335,-4.256005066349374,-13.52327139508779,-19.575814193854626,218.75755113686125,315.588529710392,486.32804968425404,155.62958186659617,300.0,78.2052739502274,False,False,False,False,False,True,,
43,52,-17.535471998182274,-73.41851136476296,-23.90541452692632,-60.093667552413294,47.49271714084928,252.89529636432334,268.07301189042926,270.1324953633581,7.45,14.729360270707469,False,False,False,False,False,True,,
43,53,17.010309962534137,-6.707644987093744,-45.26026935753224,-56.68898646499548,19.037315577460816,346.5523140397121,347.54724035316144,351.89400347157164,0.0,79.84835342564867,False,False,False,False,False,True,,
43,54,2.7913972911170504,35.73630476441714,74.86739156655102,-40.12875334147873,2.5464754085451435,191.94305690886821,433.11143632322995,322.64134430729695,0.0,104.64442647462572,False,False,False,False,False,True,,
43,55,-39.1727312780241,4.31916837214105,39.04651149018284,-7.658158682985018,348.35861808358663,215.53644447721885,356.4209798580091,184.85750600147793,0.0,79.13094402708177,False,False,False,False,False,True,,
43,56,7.6783821773398415,-65.11633642327722,-69.00803844817558,50.13017398290748,311.40840774868207,178.86196613112503,254.58575489669468,246.85374686562915,300.0,100.73724484740602,False,False,False,False,False,True,,
43,57,35.22792782053915,-78.59316324968832,20.707337656167226,-8.269022952048061,333.2983879996755,271.5482456319078,301.5116988936916,410.951565426166,300.0,61.52449684003947,False,False,False,False,False,True,,
43,58,-60.27299176170588,-69.778734703709,41.28582417513937,17.63699678002304,120.01855733450309,248.95633048305103,502.3573971509099,230.06678347877178,300.0,112.00682623548704,False,False,False,False,False,True,,
43,59,-0.8522501582699107,-63.09824651638911,-32.79173156142902,-36.424703041583314,198.459578855703,296.3092422566247,176.20329121370054,275.7000691642318,0.0,41.612598979216635,False,False,False,False,False,True,,
43,60,-64.01975195879291,-67.02360798543137,-14.489134907114675,-39.34195749495247,310.2500953045336,174.16943051969798,268.9401540173876,353.3719293461651,28.0,56.56302066414156,False,False,False,False,False,True,,
43,61,-30.654336915208532,48.114917433554126,-74.28217951179522,18.789713108884442,7.656362509495258,150.28539816649248,357.6088885382308,195.6279064432366,0.0,52.56763508391993,False,False,False,False,False,True,,
43,62,47.12273842258841,-8.824429244157386,44.72013777343933,-35.15662352044352,172.01805170512196,51.342972595912705,416.19541686543545,211.7719689519387,170.60000000000002,2.747340688369079,False,False,False,False,False,True,,
43,63,10.997452645714446,24.543671029012557,-12.725323170084124,52.373289193088056,356.7222969808946,275.01813135023303,213.95739167870946,209.13188310724564,36.800000000000004,36.45878196193231,False,False,False,False,False,True,,
43,64,-41.53750596002661,-22.006433480233426,28.20481778148303,67.1773173216522,226.4460312927866,358.40975814562717,458.9087205204524,319.6831368633123,0.0,113.21542795908327,False,False,False,False,False,True,,
43,65,-76.41326327823911,63.92865845344775,36.3973459169938,-50.01969032994056,66.42260352918089,145.80882948570527,271.01840195890065,335.06296167759865,0.0,160.34481512496836,False,False,False,False,False,True,,
43,66,40.92995847843092,-20.298952942794074,-34.87156314793141,-59.61802240644385,191.21908409750927,100.93784872782109,201.4925396389094,256.91834773635395,300.0,58.11953548545938,False,False,False,False,False,True,,
43,67,-50.25492530356587,29.995045705465458,-5.086906812605193,-44.05584672956216,348.257518419249,299.91603194376523,366.3315108277949,463.4795053156206,155.75,85.39809683681406,False,False,False,False,False,True,,
43,68,54.772782477873136,-44.3786238781826,46.36220491315454,13.744343979654815,29.40432255488235,27.584692719994138,451.8974471929528,273.0037342012166,300.0,48.33493622633582,False,False,False,False,False,True,,
43,69,57.50257406373743,30.569062766230445,67.18210971495898,7.421093792411597,342.1983984476936,5.200067362249952,425.2452409061646,293.08915543783064,0.0,25.090274570760464,False,False,False,False,False,True,,
43,70,-2.72301249565524,7.953133347145382,23.996951536031688,-54.95208243713449,179.22531254615728,253.8412557785418,218.00022182845981,174.31504030265552,300.0,50.364323223035214,False,False,False,False,False,True,,
43,71,52.00758237036078,-28.30906169412927,-41.548094825731795,-35.81747677783721,335.4048961224878,229.426716608432,522.4656123290504,468.9061629973429,0.0,93.85649169177766,False,False,False,False,False,True,,
43,72,59.28550318463442,-65.85142845534746,-62.054795920197435,64.12695409493801,257.9831611779259,279.47991735200736,361.6635665429792,259.8665363576245,0.0,177.81408301155005,False,False,False,False,False,True,,
43,73,-9.088114144732842,73.36240764393153,54.99246096741447,-22.879697614875667,183.53874678036695,225.26748464846264,355.7788697647674,299.11971121001466,300.0,97.01587568725348,False,False,False,False,False,True,,
43,74,10.829094846885212,13.489296312433353,-11.585625270625144,-63.61770994724022,238.60502130423123,305.4833512972171,219.1358893385532,402.64113072506814,300.0,59.00369168274279,False,False,False,False,False,True,,
43,75,-17.483001434212362,-1.3062370703917026,22.025770542946617,-44.70807805830791,119.54163749992017,200.48915119360578,447.1793257484137,262.74533921451217,277.6,45.44324900355365,False,False,False,False,False,True,,
43,76,-11.110683662664854,-40.61697975510299,-29.475659425102606,-21.557720983358735,168.033212820901,14.764969899877332,292.6963431503166,461.5455545301787,0.0,26.4674834406907,False,False,False,False,False,True,,
43,77,-30.678938144281247,54.58088780607855,-28.466951759946966,35.98945765698181,299.79600375037785,280.05549413641154,536.5154634201463,435.49851504629385,0.0,18.722557484308158,False,False,False,False,False,True,,
43,78,61.62334118721478,-48.16281852543533,79.65472653273804,61.38827728942948,50.074205273735274,179.16305025440656,412.2487004994112,428.8918843395983,300.0,52.3487952069735,False,False,False,False,False,True,,
43,79,-70.01678672191666,10.263021634785645,-13.643811554015585,-72.12091071962465,151.3687508743485,283.00208554705813,483.49609467283756,544.4639003289041,300.0,37.497728729321864,False,False,False,False,False,True,,
43,80,-30.686113004171247,-74.17041067479347,28.295924211637356,17.374702220138758,53.572581058623015,235.5703732524042,371.0674518769673,328.1398378135782,300.0,58.86626084441768,False,False,False,False,False,True,,
43,81,-29.84650088531383,19.68139515028821,-25.908150733267483,-63.90571188329814,295.14412673995184,23.844316742328417,510.4709414655337,255.48812855149254,0.0,83.6798366643025,False,False,False,False,False,True,,
43,82,39.36016545937052,21.54764851618735,-70.46631612195836,-16.861709570363658,224.9677026766883,298.88325887846645,229.60723431473818,514.6124258029424,0.0,116.34919357328985,False,False,False,False,False,True,,
43,83,-22.015542144949634,41.30909584527129,-63.19055403882718,-16.676803527299704,305.1431064711395,188.52415406775194,455.6228857781329,157.68546422396795,0.0,71.11783271801023,False,False,False,False,False,True,,
43,84,-60.19408195755904,-60.78164484328896,37.39123648566155,58.369039479283,234.3560891735187,93.66150258851633,319.35720346703914,238.93541133047154,0.0,154.0122720766172,False,False,False,False,False,True,,
43,85,47.55416863662931,-3.398754806284444,76.30916527434826,-13.912496716344108,143.4071480141859,343.2028916653389,443.4691536359793,243.67425772427123,124.0,19.809397153472155,False,False,False,False,False,True,,
43,86,10.240607429286626,-51.407020338059404,-20.91515906196456,-30.095732130390203,30.445419160333934,60.887079330110126,405.7190178596893,410.9153848770462,300.0,20.38019843530051,False,False,False,False,False,True,,
43,87,19.11533386004183,-54.8274520494394,34.55137578075123,-53.90240075272827,29.15768796876892,265.9689056284676,440.2249242507481,257.91383019686424,71.65,9.316201904069995,False,False,False,False,False,True,,
43,88,30.372228906894193,-30.33543203444873,-3.262410615707722,-69.12500462447926,216.58305075047969,96.52719503463152,339.99211284384546,531.7583974659976,203.95000000000002,27.85443150393066,False,False,False,False,False,True,,
43,89,-25.623680781283404,71.42000364468501,78.94695606094652,-23.597246355097106,332.869499024889,183.32292773140895,419.47709419750765,438.4269522798742,0.0,141.2915280089738,False,False,False,False,False,True,,
43,90,-68.67350708771488,43.44878254402728,-28.242067646840034,-74.97530295964978,127.85825296654689,14.151687123667065,340.1800183430111,300.69373973341004,300.0,80.4476576028252,False,False,False,False,False,True,,
43,91,72.35572991264246,32.41960539633922,56.15338458973301,77.59954162003262,293.14441116661965,355.87761318958775,172.78841034064897,466.8301161430517,0.0,47.99731899950047,False,False,False,False,False,True,,
43,92,-48.29265326819762,11.256645479087041,15.34727657634346,60.52677350564926,115.23777238706646,180.5956820173433,447.3452338478162,417.3833706711344,300.0,42.38997594530687,False,False,False,False,False,True,,
43,93,-21.62366874278598,-27.368383482943756,-7.149432102394556,19.856324970351395,103.13160507289668,145.7893229819909,308.65823916544423,296.13380285310836,300.0,32.826688226242375,False,False,False,False,False,True,,
43,94,-33.697852175324705,54.37200522499376,-12.910311932369197,-11.135934533010783,105.63139326870689,340.64840451136587,491.03450286761773,211.20606710778995,293.65000000000003,45.068630588228345,False,False,False,False,False,True,,
43,95,59.78105294924623,-8.537193701590127,-53.79095500707636,65.60919581570457,274.25846130715166,183.85667467681154,372.8970064255948,189.35271572928332,300.0,100.71275985341978,False,False,False,False,False,True,,
43,96,-57.023838155658986,-20.37830777517813,39.82284282152639,43.1201135835464,178.47509060677817,249.9489760806033,381.0745414398805,169.91854646242243,0.0,115.80729308358279,False,False,False,False,False,True,,
43,97,40.450171058602564,34.881089020240495,-21.747942550446986,-42.30253670939035,352.147329469436,124.88865962672523,414.1985518745973,256.5170010766785,0.0,99.12576565805668,False,False,False,False,False,True,,
43,98,22.551260715030736,-77.30714988709843,-68.1342427518237,53.20422629843125,342.6029979394543,192.410755786321,234.947311741014,335.7796856092332,300.0,124.06924461733345,False,False,False,False,False,True,,
43,99,-61.08926976216125,-77.14964414542837,64.36763331820035,-34.647205520591115,247.17250585743352,290.54587808849357,414.91505700563675,281.52957686903915,0.0,132.46090675959192,False,False,False,False,False,True,,
43,100,-30.747025563017573,-66.75082134360011,37.355848079326805,54.53970139070404,329.9839301487846,150.95235195595578,499.2509946297585,500.0189749628077,259.25,119.03960140099815,False,False,False,False,False,True,,
43,101,68.11148984565452,66.61200673995285,1.4628649040481747,10.669250436136295,200.85558974834547,136.0999696026118,534.6335327477758,170.70822905266806,300.0,47.726949348882,False,False,False,False,False,True,,
43,102,-33.349587780502276,77.47716720394908,-74.896588970704,-48.761075269658235,265.05873880201204,104.26107293908264,231.42059550207063,415.91781497996993,140.25,130.54663349780063,False,False,False,False,False,True,,
43,103,-27.999223446429426,-54.60762604533235,9.879107637461232,65.06693011129431,339.3308865060809,247.85303695730738,226.59032537894777,366.5227833410829,300.0,91.94101077856233,False,False,False,False,False,True,,
43,104,-9.073351510032595,-29.00889839895406,-72.85378712387454,-23.284649919379547,49.74859473638811,8.197060669361239,539.6587822027886,548.8207593580105,0.0,64.03679401521714,False,False,False,False,False,True,,
43,105,-56.970104996658705,-0.031456266116578036,36.20752177297048,-29.75130698024774,145.02121483058608,272.3858644273609,503.7728319085939,400.7612101513139,300.0,36.254642665433884,False,False,False,False,False,True,,
43,106,27.75757458550885,-57.51590302227699,3.897497737888017,-24.640268940503738,169.584777976678,84.88214355806647,338.92763353882447,241.86741281388652,0.0,40.621553188584784,False,False,False,False,False,True,,
43,107,-37.86196644732108,33.102976599248166,-63.123595275461746,-32.01738441138198,126.37532981162119,52.631502764434835,217.45943496944057,343.949340863771,300.0,40.727727883266944,False,False,False,False,False,True,,
43,108,-3.130703701988139,-76.25733331000856,-31.909952263717102,13.415954753479696,313.7043704977333,199.4906334637289,533.4729031378004,159.9661525485755,300.0,46.40307631024059,False,False,False,False,False,True,,
43,109,-3.716308392829447,-18.503821180673995,55.909647825931216,64.0048754708829,168.812709280538,143.76834522034773,400.1499132160727,188.93149721022291,0.0,101.79852493106272,False,False,False,False,False,True,,
43,110,-72.30731019305279,61.91220579911342,34.48375604600423,-40.404351539003116,213.77632225848308,17.481809793021412,307.8850972463209,391.32490817136704,251.95000000000002,139.73330705516162,False,False,False,False,False,True,,
43,111,31.215071742872595,14.554058607239796,-56.52738183688946,68.81847884301914,288.3845541359821,62.34392658123565,245.5788997041783,514.7975624394313,300.0,74.2013901833807,False,False,False,False,False,True,,
43,112,-59.013333198224736,48.421460608197606,64.87688276756074,12.980045872013903,346.0829100377197,48.762751913569275,392.8192318636437,230.77559133418487,0.0,128.85992197169432,False,False,False,False,False,True,,
43,113,16.309912785787958,55.51027662825766,-76.21623117750192,50.580884213272725,194.87431713546468,168.25754240910564,168.9048311441385,281.16729990715817,300.0,85.34531873612413,False,False,False,False,False,True,,
43,114,44.124749323373095,-61.875451839719595,-73.9529205484344,-66.05451149400251,171.57316079542082,223.84642704969096,174.74270424270642,451.9652941746976,0.0,118.15160033596503,False,False,False,False,False,True,,
43,115,41.72387652484031,-59.22822965261844,59.39719822817034,2.5718759994782943,6.841455583734191,145.45353985545245,414.47662491716517,359.2066071175981,281.5,30.43959005803218,False,False,False,False,False,True,,
43,116,25.71799730099002,-71.9081254468827,57.070837918560386,37.2140965651393,271.66810680040794,307.2036516014114,303.05799903118486,342.0205757510789,0.0,113.53704220047213,False,False,False,False,False,True,,
43,117,-78.93067604119132,-52.091028008628335,22.139706684593975,11.747922131394674,124.5281247275043,154.7170305440435,457.5388612995682,446.54649781824224,300.0,100.01289652802181,False,False,False,False,False,True,,
43,118,4.64706303014043,16.453936192838114,64.15885626661148,-75.97977680331168,264.85644815912707,296.62009717972734,520.8198299393596,293.80625036743277,46.050000000000004,109.86220243110822,False,False,False,False,False,True,,
43,119,-11.733274072701079,19.360715141494353,-5.97608362305111,71.94094613608775,93.70298459106095,6.787117151029656,415.4792009568501,524.8365171264402,0.0,52.89447923288725,False,False,False,False,False,True,,
43,120,77.99697706947072,-74.55184045966503,-78.29803610606739,-19.71749918053669,193.73838521797754,134.0846556024332,163.6809499439752,419.04115011149935,300.0,135.25673058138233,False,False,False,False,False,True,,
43,121,-13.811822524581856,27.029548634444836,-72.73539371358893,24.15785762791583,249.50080711259815,313.0903796779429,502.5085547106717,219.5404477407128,300.0,41.02470444518119,False,False,False,False,False,True,,
43,122,-27.22996946489998,61.893639998864415,18.590811003697056,-62.8496778034642,155.8989325106853,250.8629925229535,335.6112748701396,475.117839804654,300.0,112.23372686383438,False,False,False,False,False,True,,
43,123,-5.639081681923756,32.6209123122579,41.79805399947648,-17.49451974281746,92.25177173515473,122.90194105493481,324.99548682687185,549.198645917644,0.0,69.00607488998668,False,False,False,False,False,True,,
43,124,35.66837551195739,54.77176993834348,-63.35808287458093,75.53855188807512,49.95995449440143,48.363807903994434,354.6594512101622,359.16213860933567,0.0,101.18052526612276,False,False,False,False,False,True,,
43,125,-62.65236127491187,36.97268934618769,7.936747663430253,-25.87731790089373,312.4745124848973,278.45769611499605,520.2743600517751,225.95388363277115,0.0,94.51426194848753,False,False,False,False,False,True,,
43,126,66.02691209931464,-11.29425431243348,-38.00599689891014,-56.20283938969472,17.307014566091844,290.2658073492054,506.34281766228264,313.3430712804367,0.0,113.31207865128293,False,False,False,False,False,True,,
43,127,62.02433582090276,21.73304497680023,27.05058707149051,-11.36721327122359,276.95706672444163,81.83007347250455,400.145820164626,152.42199548727376,218.55,34.76932005573331,False,False,False,False,False,True,,
43,128,-21.91175714621862,-52.744830945660595,65.5912465373076,57.881383383534455,187.21242373831325,194.83001835085778,548.9721165308878,152.25330703262014,0.0,141.0494060620186,False,False,False,False,False,True,,
43,129,-10.25959665141312,62.96165928357328,63.888714271227684,-36.65062420324978,257.4393375578011,231.1277641989097,388.347469136318,327.3080087038229,0.0,124.17962406989247,False,False,False,False,False,True,,
43,130,-43.89821839027956,34.630210440171,5.81203084337352,-77.00447106113513,240.55805194472828,64.11856059736371,303.42815582258726,214.8311057496506,58.7,121.91013629104461,False,False,False,False,False,True,,
43,131,48.23101268472706,-36.64415307224122,-34.60969612201289,-55.13239275246644,172.65692442310012,72.0766609186644,408.1478118929867,335.17915158869414,300.0,65.13200018174996,False,False,False,False,False,True,,
43,132,12.2676225256767,74.58681080642847,31.252980292071285,8.82297387587505,298.0933606893165,29.07286070583026,264.4668203278243,537.3626950626397,131.8,64.79267944533532,False,False,False,False,False,True,,
43,133,-37.149870973648085,-30.271214604081926,-57.08820694704144,-54.027954292651934,39.71507772879235,314.55816195277527,396.7739584224826,536.7706769150972,0.0,31.014833902801882,False,False,False,False,False,True,,
43,134,-17.384894226571618,66.46740635901114,-6.955143195669891,-43.85842463903758,274.8040318180748,197.3497758917135,532.5551063046041,338.97204482698135,0.0,110.81772733627325,False,False,False,False,False,True,,
43,135,-58.977871983058435,-67.04415013271327,-61.517489197212214,20.73441271802065,255.4666684181415,322.61244915775336,416.58240614926825,364.76820285320633,0.0,87.81529338181744,False,False,False,False,False,True,,
43,136,52.67502740016073,-33.07251532789438,30.31612133637421,-68.16314781995399,153.0807114183325,285.77593451656645,161.97420579671927,464.47706277377176,0.0,41.60857086060538,False,False,False,False,False,True,,
43,137,39.50641586231178,70.530622649521,65.036071711051,-68.46402947167235,182.27677637248723,71.80225790541775,489.5809440318831,539.4236968132101,300.0,109.39636131026658,False,False,False,False,False,True,,
43,138,-27.230371456105033,-25.36286669667392,38.64974045634594,-26.04959188089225,15.201870708191372,45.78094778571055,372.1216466062227,287.50795593087076,0.0,65.88369097945032,False,False,False,False,False,True,,
43,139,-11.937928204662938,61.77146522818387,-70.66877715781276,-47.59819728867434,268.74034333150314,269.2632737177605,413.6931224163777,418.8558828982885,300.0,124.07615459498076,False,False,False,False,False,True,,
43,140,-54.65084904254642,72.47198522233955,33.98903955306595,-73.02712278531027,353.6731488762654,161.04254425500406,386.8811470276804,282.32751670686,0.0,170.37317946573728,False,False,False,False,False,True,,
43,141,-62.761000600662214,-49.930317933992434,9.824428939470636,28.79474083732633,278.34091232634347,154.32119106073856,456.1354579437726,306.6644892749364,0.0,107.08071469724689,False,False,False,False,False,True,,
43,142,-52.80148871641211,-10.549236088556754,54.562817930716335,-36.166508112932604,12.692380530587455,247.16587119289287,543.9765864574422,538.9411318905429,183.3,98.89094838178009,False,False,False,False,False,True,,
43,143,67.75603706018308,-76.62400870070783,-60.811572470506036,33.68168148536951,343.96936129840765,114.39485282043141,241.29247982509034,333.84422870388363,300.0,125.93497139290413,False,False,False,False,False,True,,
43,144,67.36707848091152,60.535129628768175,-1.425836506454317,-28.82471185366697,201.59155807794858,176.38091181656878,442.8896150687559,316.7315872319241,300.0,97.41882373244592,False,False,False,False,False,True,,
43,145,26.90101913344286,-68.46909535346336,-67.42616058595458,27.293421907627945,29.26451196345166,94.02039970697057,516.1963215934265,448.16700701065054,300.0,95.87988824133593,False,False,False,False,False,True,,
43,146,41.16057368674774,-57.0640084543888,22.86429309249094,5.889444417800277,35.87958016746698,258.83358104249345,511.17564387094905,231.36650514976722,142.1,59.47815031654443,False,False,False,False,False,True,,
43,147,1.4777678213498149,71.83849540118112,-53.036365404340806,22.637825557187895,337.565822364751,149.99938721186706,549.0375982929249,519.4280334448663,0.0,73.43362060014452,False,False,False,False,False,True,,
43,148,5.629330700597393,-62.88777079888668,-56.31717502657173,55.958504262237085,126.39590560291568,27.38716001166264,468.7274016441036,165.0093096086159,0.0,134.02166491918567,False,False,False,False,False,True,,
43,149,-61.627722803003934,11.017948135425243,10.679078379552195,39.49111651981782,253.57039318581283,133.06193665426906,209.1385819473007,459.49358491988045,0.0,77.71096972178171,False,False,False,False,False,True,,
43,150,68.77261315682097,69.04287145021934,-71.81366944750381,34.935743218118375,132.24901156655955,234.49838982812878,521.4774066962952,359.09444395754247,0.0,144.66443603299342,False,False,False,False,False,True,,
43,151,64.07092552623911,35.47250862644529,32.64985129218164,24.99045880102628,329.7589654066892,2.079380401798132,338.38026299418243,420.3228537047866,300.0,15.949180691008404,False,False,False,False,False,True,,
43,152,-51.15047666228474,-70.1910736235262,50.465432531124804,65.24316290009946,72.11592487114437,291.27567741028673,489.42803789653414,338.5650996141071,300.0,138.0618047034695,False,False,False,False,False,True,,
43,153,9.838490044769017,-68.09277291431327,-38.41810660328779,78.3382457410442,111.90486499530472,54.01826192344594,219.50199068798491,177.13111169134686,0.0,154.1776324390114,False,False,False,False,False,True,,
43,154,34.23609476812494,-70.74336038509948,5.818591034232966,11.837940741606886,229.11659850376222,282.43268569204315,236.21338438463337,280.3604494196046,0.0,87.33399002819874,False,False,False,False,False,True,,
43,155,29.397902306674553,15.230320428631913,-30.426623509573396,-62.275791985905435,355.7565412455368,53.66180388795407,229.81715179714914,388.14630041344344,300.0,83.92498970019142,False,False,False,False,False,True,,
43,156,-15.364650324286671,25.989287881442422,75.2560347262152,-64.3149971485414,208.12733903282404,256.2830810509032,427.18418405441474,281.70156852708556,300.0,106.36692181981685,False,False,False,False,False,True,,
43,157,-70.02397405985819,-53.49462427550952,35.70316149179568,27.75024891045416,295.9659096669788,61.576898397380766,385.07660791099335,462.0435806604227,0.0,133.33775388449106,False,False,False,False,False,True,,
43,158,18.289544905606192,32.90920043110398,-77.36314800328431,-52.049803212593915,306.5178575607213,301.54546805672277,371.90067144442173,259.26110373047504,47.400000000000006,127.92633412731901,False,False,False,False,False,True,,
43,159,69.2267527668647,24.418067473628383,-31.687980079147415,54.90206561049948,106.26040154456544,42.85502845396137,414.96443988220915,411.96015415932936,0.0,105.41848722017765,False,False,False,False,False,True,,
43,160,42.51017309132904,50.24444525695816,16.076685104159978,-60.68081358574961,339.3285808306162,141.52893921729103,543.3310725906151,314.2889432981086,0.0,114.03132173437932,False,False,False,False,False,True,,
43,161,-43.55959010315145,-79.28956553217454,76.89659978216227,-32.55477410997145,357.9676368097252,9.155372302099094,280.0864175284671,418.3260468850601,0.0,129.20462225076773,False,False,False,False,False,True,,
43,162,7.31379088012207,-55.13312375635577,-11.553855468714573,-18.561026709182755,15.490337726375266,186.60733480552238,161.56871879493235,197.94379080143818,300.0,25.406513824204552,False,False,False,False,False,True,,
43,163,-19.68079025410539,-44.073363674252874,51.57671264232653,-39.42117590626209,355.86885439863494,312.0891265015483,295.08048936343596,543.9536934680765,300.0,40.7677871255455,False,False,False,False,False,True,,
43,164,31.99229693355379,-78.47376212268118,51.74624529338158,51.70577759895451,314.99108663018535,337.574660907623,250.98794613091133,217.6927542320837,0.0,131.66978027603628,False,False,False,False,False,True,,
43,165,-27.22043499766059,1.970152830802192,58.11770464591456,-63.01241574545594,338.2240812038101,65.60066743081455,446.4665676439295,549.0515008298576,0.0,107.26291202738449,False,False,False,False,False,True,,
43,166,62.820509567393174,77.4909829534935,6.8123598553338525,-4.5409984882321055,340.56110900447806,285.80760221884117,270.29773185338695,288.7635911326244,0.0,99.32853977293769,False,False,False,False,False,True,,
43,167,48.27297629106863,35.79473539463187,-74.28992825039906,54.041617869299614,190.3645178489072,41.525319384475125,248.0424586290638,257.44082732717317,279.65000000000003,117.99902857783577,False,False,False,False,False,True,,
43,168,24.894509125720376,72.80582502799837,-19.970977942580213,-33.317908932208695,33.77401950973143,244.58532959235598,368.5869020044204,213.1623987192358,0.0,115.21787552082642,False,False,False,False,False,True,,
43,169,-72.54617929479815,-46.57353178752384,43.181007516969544,34.01480686386785,227.8683697025747,109.18172184963962,350.4641811455598,386.2619818464427,0.0,141.02220425861017,False,False,False,False,False,True,,
43,170,18.896065215255945,-15.467445068162164,-69.4213918066844,8.2607414354338,93.8311620059618,350.31540397790866,468.59548408029235,195.13104852428938,0.0,91.44943985378868,False,False,False,False,False,True,,
43,171,66.30373504067461,-46.89477646015541,17.145919049320042,25.56334326453154,125.68425279840821,36.64856320986906,318.79029396180573,204.26948883786923,0.0,87.55952253796809,False,False,False,False,False,True,,
43,172,-67.9209483778064,-47.74160335890567,-57.04247193527648,-44.841779996326814,303.2252086670585,61.51021673627649,246.51563493968882,543.430849048978,0.0,11.258340252667642,False,False,False,False,False,True,,
43,173,57.16035717137865,-48.4728290220005,-23.44947366689741,-7.383197929258856,204.57211028503596,295.0040017205119,288.3407110214483,398.0017620858332,0.0,90.47818859323544,False,False,False,False,False,True,,
43,174,55.688372799184776,-21.302875073480045,-9.523551526730813,-46.66038616901943,48.4741588587407,85.60069152463858,413.29114388739316,250.45220965605347,0.0,69.96855324536405,False,False,False,False,False,True,,
43,175,26.769664744317993,-46.3043078023464,47.9489336466756,26.96433469461894,314.7169618568147,255.83134769719464,527.1037242076138,477.5081861883173,300.0,35.425160676687376,False,False,False,False,False,True,,
43,176,-29.770568644299345,-19.77747892109143,43.15783498162149,1.8709663799458554,349.64393992194533,147.390236608011,262.6062759648236,444.6080508115571,0.0,76.07369610698055,False,False,False,False,False,True,,
43,177,54.9405220085757,-63.19474696386916,-51.14526585559542,-47.273603000250205,104.68724855768137,250.97559146058956,423.37227183654164,242.3222882470937,0.0,107.2738421604829,False,False,False,False,False,True,,
43,178,35.944948638659596,78.37273393301615,-43.365424460446036,60.26017858413073,63.0791802423182,313.22257996927743,491.98033797037823,505.44651189552394,0.0,81.35231983407589,False,False,False,False,False,True,,
43,179,-19.839088891432866,-68.66270141081402,4.287291552377269,61.47305576813005,133.37236672430453,22.668341929242143,217.87621255248007,497.09623092320874,0.0,132.35330570052474,False,False,False,False,False,True,,
43,180,33.30370622561466,-22.023155138361318,-27.3782590279761,-65.79659872728084,126.29377634660044,92.3309340215973,393.72652860941633,199.45776909938525,149.70000000000002,74.07329922361895,False,False,False,False,False,True,,
43,181,-4.0283290970774885,-17.749590103538097,0.8822469949996758,-73.59276281600864,246.63928297927558,230.80973549520365,216.50402195834636,283.4156375345958,0.0,56.05866298932659,False,False,False,False,False,True,,
43,182,42.829389499037404,13.309054091644654,75.12690859959883,-21.535347969771465,124.67382877425335,226.8479903797026,487.1486736728789,316.202265950531,201.45000000000002,31.583403705619347,False,False,False,False,False,True,,
43,183,-18.57031897920548,2.9904943787321088,67.7069523687571,-73.67504644458282,275.49717007097246,128.78059781196922,178.75998719549798,186.2268099024483,0.0,115.41825116064328,False,False,False,False,False,True,,
43,184,-37.480776102724285,73.92407689089976,62.38344968194565,-6.508316436735413,15.223620857449301,263.9027223570687,318.9680775767327,393.6732052629619,200.0,123.96691946444197,False,False,False,False,False,True,,
43,185,50.14942267411976,-65.61459953556614,-67.07418029674551,-25.817174984126495,297.2113174419138,290.73147021690556,535.7113973262044,237.95567048347255,300.0,99.62965754488093,False,False,False,False,False,True,,
43,186,67.08698652762155,35.590801462819584,3.959980089141453,71.65699261872925,258.5831667491595,206.62057738430633,471.83112577366217,252.40035015786816,300.0,42.237269255231155,False,False,False,False,False,True,,
43,187,33.22280679190149,79.200867971046,9.713730866190545,-32.54607404472624,232.5733362344513,312.1379310233653,501.2887084923355,508.86840814348255,300.0,61.868696835409736,False,False,False,False,False,True,,
43,188,-6.64450737105625,79.70114692791378,21.12338397703482,26.30646946781968,74.62323629120378,33.068272886064555,359.1349786754986,217.72920078933083,300.0,46.959468555219324,False,False,False,False,False,True,,
43,189,41.925710913567315,-57.645373466994094,-28.177767264880117,-42.45624831562363,249.74038039092596,222.21958269563467,337.68358210461736,263.40193384906735,300.0,59.09466139021949,False,False,False,False,False,True,,
43,190,-31.39947934111703,46.32020512531922,15.915644844499312,-32.28704351516848,125.23339448954528,67.91208404535146,267.30986618560223,265.4282708357276,300.0,75.90077270034851,False,False,False,False,False,True,,
43,191,3.82509353410461,48.594067660869285,72.61958186442044,43.26104463774081,162.19874029809964,51.200514604947145,469.93888974782095,163.61748798350925,48.1,68.60825536373436,False,False,False,False,False,True,,
43,192,-76.64090219625302,-24.763275442576074,22.499561973300516,20.217646625606207,213.52436253962392,86.83232084493665,441.46280065828154,230.15787825111994,0.0,108.86741930374953,False,False,False,False,False,True,,
43,193,4.859368967440361,55.62270688958938,-29.481878937649704,-15.31147946250843,151.43269411055365,313.84049927376486,207.4361935666229,195.61593811771436,300.0,70.23076147363592,False,False,False,False,False,True,,
43,194,-27.752441763992373,21.72977941096289,68.97238879894547,-28.29941936285234,173.55931948658127,163.11626914650378,351.70155536605864,237.00615924636583,300.0,106.86336054901014,False,False,False,False,False,True,,
43,195,-57.89526193993707,-25.324274964796686,-55.9712926130166,-21.244383053813607,167.26315893272644,109.18357561113784,158.62834880380925,214.5752209346084,0.0,4.510784408086466,True,True,False,False,False,True,,
43,196,-16.529116756770073,-52.02274192927657,-22.45387452348004,-59.380886283243015,214.81721771662274,227.50431369072314,545.2487211159244,315.74566487861836,129.05,3.2804776047655055,False,False,False,False,False,True,,
43,197,33.37751680966612,-77.45291238877547,43.444408261476255,-36.52269028159768,310.90339151595043,16.970056275149563,164.64779400628856,346.06132683710683,0.0,42.15003422591058,False,False,False,False,False,True,,
43,198,-69.50529729157381,66.36739650250323,41.83959137515495,-70.54464210647454,209.7976622147625,326.4581545264565,534.0221908707382,537.4085673794343,300.0,124.64273653891397,False,False,False,False,False,True,,
43,199,9.671243075418587,-65.86609462583917,-15.989676526707655,-78.95930119785321,155.1398570299314,298.06339750515434,476.94904504975716,155.63558039139681,0.0,28.80824279896673,False,False,False,False,False,True,,
43,200,22.005112728015504,-66.6949337288892,58.040724279466616,76.5645875960303,54.415371388821946,305.708555121232,450.94871604685886,189.68000485259515,300.0,130.82508233846593,False,False,False,False,False,True,,
43,201,22.793908241450936,-56.591887463858015,-39.42253079481869,69.35138588274663,320.06409940136996,314.40281378352574,473.2498936044127,336.8726872658343,300.0,128.64238943644418,False,False,False,False,False,True,,
43,202,54.96199247775655,-9.612956114645328,35.859600590668634,71.93818204450102,147.49382772869103,242.64978695202782,478.61415900517954,283.85092864114944,0.0,83.75851903454394,False,False,False,False,False,True,,
43,203,46.9907203020925,45.27813509478598,42.94247317943447,-25.80951751099473,124.72113819679969,268.18751250652093,446.2031369109847,250.8249680664892,122.25,67.53080896504957,False,False,False,False,False,True,,
43,204,12.299791677586,-28.17567228580163,14.747987902711301,28.452932525920545,207.2775450927429,82.80784500873351,236.26466791367204,280.19686269553563,0.0,56.681500930011744,False,False,False,False,False,True,,
43,205,-34.96074126343235,-12.541860712640698,19.0267475029801,58.17915248210065,207.87231492608046,26.73453602559471,493.48226218214,289.64833933052483,0.0,88.97252750481066,False,False,False,False,False,True,,
43,206,72.34300453070043,19.23153802270285,-72.49231070557119,-67.71990733839198,225.0910925961572,69.86296430479786,486.62118431435994,378.29085287104897,300.0,98.6852326690991,False,False,False,False,False,True,,
43,207,-41.93134619773369,6.493665911602889,-17.088713396519886,-28.91231015885591,335.3222454211304,76.52954673598141,282.9295487136279,223.0033268208417,0.0,43.2520467261128,False,False,False,False,False,True,,
43,208,74.77872009216586,-7.341031753267288,-3.7231225973604865,31.075100173009403,343.9319302527343,181.57895545311342,411.0137784148931,544.3073716015498,176.95000000000002,74.05314180275543,False,False,False,False,False,True,,
43,209,38.54462080503774,74.6601320487033,-53.1816976628399,-5.433588778296539,5.581124531896946,286.5738544643537,352.31479505608195,152.55497377315362,0.0,121.77323850330949,False,False,False,False,False,True,,
43,210,72.7466666982894,-8.435374735571983,22.137518172208786,77.03099533805874,202.47595220682715,320.09449885783323,520.2837450984025,319.9281756642394,0.0,99.32666473861734,False,False,False,False,False,True,,
43,211,7.220944859804703,-28.897993986843943,-55.06643533172769,44.92848570218088,325.12869554018926,301.76102158215457,534.5422056686598,400.462372086634,300.0,85.19581105662066,False,False,False,False,False,True,,
43,212,24.93087458902582,47.34993513687931,5.417120609518264,-76.95276258227553,329.41814914004345,221.30957600721905,362.09708250117853,407.58607779415917,0.0,125.82506608236821,False,False,False,False,False,True,,
43,213,-65.52145646818232,-29.955160844855335,-52.22339406617556,-6.95294273298353,266.4191675771451,13.393756883062956,406.46737644547517,184.73471778259722,0.0,26.569540863812254,False,False,False,False,False,True,,
43,214,71.79710660156854,-29.8308755756592,11.52650561520558,-53.35500817295877,91.45430305749743,182.1751914946351,423.8020342070181,170.07338095297672,0.0,64.6987647309646,False,False,False,False,False,True,,
43,215,24.798581650813958,-72.89279417753242,72.6483371796848,-14.708392851200244,42.72152125536681,139.48821602606606,533.0817521307343,381.7402805173308,300.0,38.4004839167537,False,False,False,False,False,True,,
43,216,21.822782311287938,-22.03907635274696,-70.47113844685845,-43.229635363920096,95.62202161692244,27.289557729920126,386.72845147411687,313.01422670983726,0.0,94.69534096309604,False,False,False,False,False,True,,
43,217,-9.858294243083407,-2.643018202870735,-53.52643346132504,50.86323921944711,295.09085154655895,102.6170094152539,302.09723046105967,322.125095391767,300.0,37.34899465115189,False,False,False,False,False,True,,
43,218,30.80190394150044,62.838180452799804,-5.818543298291871,3.601587083059485,221.57135059461103,119.60363968411045,210.50438896554124,519.6630358170438,157.95000000000002,64.47882734470234,False,False,False,False,False,True,,
43,219,40.96185506730163,-28.7249538417214,73.60395454859602,74.59590117274013,318.18006290063,304.8578540568596,420.909141904742,317.80919811126074,300.0,98.48306251380653,False,False,False,False,False,True,,
43,220,-13.547294322561015,76.75798417932015,-1.7972618795823792,-0.22057141293140603,99.64750465447622,40.75279601252592,515.2847372227848,351.1340544923636,300.0,48.98071890314992,False,False,False,False,False,True,,
43,221,28.63987196529429,-78.1282808404745,23.141428757993054,35.99264879664388,45.947803752172064,164.35121720140845,337.59997142328376,219.4150419667577,300.0,79.71048308591536,False,False,False,False,False,True,,
43,222,29.41730295738472,31.461943690401426,46.62780487121222,-45.57288900584295,332.27986438149327,227.61360192393363,501.37092676237023,196.60038145433742,0.0,78.93393962462676,False,False,False,False,False,True,,
43,223,-51.18441430080446,10.72725552381786,-75.43093691798842,43.452372247844394,74.78095061411663,306.9506169730888,285.55946902638084,471.5496382750567,0.0,40.728701472386454,False,False,False,False,False,True,,
43,224,-44.83536733915688,32.200022872338195,-72.67385122689076,-27.056812254346823,143.50253882127024,309.09774371688934,398.1973008263576,165.23530240974281,172.10000000000002,59.750720414900506,False,False,False,False,False,True,,
43,225,2.5171154870724877,-10.341933872609303,-61.189655175841736,-35.422189472689745,128.2283488159619,130.32707067367176,230.5847867402714,427.75739435167674,300.0,63.08651980092692,False,False,False,False,False,True,,
43,226,-70.34345165114759,-58.90737929178812,66.96383759146542,-30.783648210186726,248.3556520601889,297.76670924703853,433.6851859520805,253.0274026737121,0.0,140.157896420804,False,False,False,False,False,True,,
43,227,20.720569451228513,11.47059673041467,70.31483228633991,-75.75536458702088,150.35094762552708,339.124523525196,334.5488058720762,545.2237909720949,300.0,28.402776468867415,False,False,False,False,False,True,,
43,228,33.09006103458957,-30.590818238054567,78.18227842043166,9.073466625137812,5.366702221522153,326.82004897399054,296.7555445615674,424.15132735068295,300.0,50.405417468800884,False,False,False,False,False,True,,
43,229,13.721440499651095,34.924340916801825,44.090496016359026,79.92852204921073,260.2803606134291,355.07212251263013,161.56030689493724,471.01933537742343,0.0,54.29231853932523,False,False,False,False,False,True,,
43,230,69.68784139844001,-18.592059934835028,-2.3372574642425548,-73.9351401783034,81.06964253325445,89.0171863961639,465.2285818359885,465.2070696762877,0.0,90.8321055410155,False,False,False,False,False,True,,
43,231,-68.56993575975017,66.70023599036227,77.0266585211362,70.56515962138616,228.14160982195054,321.0783076100656,376.31263654279934,456.11680535628614,0.0,145.64788326943403,False,False,False,False,False,True,,
43,232,-64.53520283930047,78.15427024160715,-37.98736118626504,55.63718943487086,38.350748362632864,254.46151912086893,161.4486938859307,339.5672495771662,100.9,32.11137813112878,False,False,False,False,False,True,,
43,233,-69.16727442677416,-8.87800868793127,-48.376099597926384,-59.61366707734882,134.520016607645,291.78137220614633,396.6384251401719,478.76948261450383,186.85000000000002,31.95428068616995,False,False,False,False,False,True,,
43,234,31.469735374329687,-59.1692866158181,72.9923804121537,24.627189960940484,288.67907189875586,208.2511919846145,214.18501045504257,483.7463408117995,300.0,57.97079554323962,False,False,False,False,False,True,,
43,235,-21.824817299703327,33.78458111900643,-11.554976104696777,-13.842470525419998,184.61339625660798,8.757863033980374,473.0931384727679,229.39608158682495,237.4,15.164883846709207,False,False,False,False,False,True,,
43,236,32.43132828716283,53.46753100063421,32.65249452510159,33.38264161577278,346.0943678853349,297.9781095086625,295.4901612949394,342.6412959112607,0.0,20.086107042105574,False,False,False,False,False,True,,
43,237,-79.2713139023044,-71.57304178624821,6.082870493010574,37.58678319950717,222.5531022538631,185.2218564142328,477.2570401662981,286.8122610237714,0.0,138.56840976467245,False,False,False,False,False,True,,
43,238,-44.82401488321255,-65.60828399652675,45.47344684417786,71.10763366726056,66.22431023269328,241.96857078407834,239.126952768728,255.71944363546152,300.0,130.06786892715402,False,False,False,False,False,True,,
43,239,-31.432492502677945,-0.8577494080975043,-64.76764863707513,55.64643264587741,118.90263474544582,293.06904779520454,522.6588241142565,389.4738540994696,0.0,65.60453661213818,False,False,False,False,False,True,,
43,240,43.36594911480606,-55.994832150012144,-14.62320884480151,-66.54417610005781,76.67163995394917,281.22747147621806,259.3882072593782,381.6474706157388,0.0,58.94091192576412,False,False,False,False,False,True,,
43,241,79.19925984620147,71.06945562130221,-27.544584693817455,67.37777376233475,282.8971607379543,136.92936021248337,482.3444579153337,294.25871979253526,300.0,59.30661344423544,False,False,False,False,False,True,,
43,242,20.497637015930152,-63.99844491365524,26.000917295702152,-70.9917245639153,208.36205786489188,338.1156566972563,161.9871722802041,441.746387591344,50.0,4.338752490172832,False,False,True,True,False,True,50,4.3
43,243,12.680404941228275,-5.8024547102691315,18.103928612353556,54.984428581346464,236.7517882575928,160.3738730094451,230.68940547899643,317.1754143632239,266.85,55.3948453115573,False,False,False,False,False,True,,
43,244,-25.544086483716256,-36.417798529813666,-56.950456033533854,67.95308045937671,209.18267726382172,95.00448923444489,275.6972753790217,358.7338997116851,0.0,108.99376325861921,False,False,False,False,False,True,,
43,245,-24.026850626479614,45.291844893918665,42.61391665365875,-18.42403633104651,92.24660909467615,312.1828510838723,433.0837778998105,404.2490325359789,300.0,40.07545271714309,False,False,False,False,False,True,,
43,246,-52.45958893728903,-76.44148474198589,21.928221104082326,57.602104739314825,245.0546803870754,118.22190106273693,307.0342760909909,242.635813477405,0.0,153.30110946690056,False,False,False,False,False,True,,
43,247,-79.14059161138638,42.29467152397956,-43.55437837375913,39.739124770742535,292.19236440764126,9.075062519792443,313.30852247966044,513.9905684429701,0.0,35.67785576238933,False,False,False,False,False,True,,
43,248,-9.65078098893828,-40.1915937850402,-63.920417225509,77.09262727838936,232.10042182395892,359.57453520977475,472.78487538740006,319.1783195487705,0.0,129.23150516691015,False,False,False,False,False,True,,
43,249,52.11748904052649,31.463346989199124,39.78351595713488,63.0563833776385,321.8485151944688,88.53764921809565,277.8365325242081,216.00243673677193,211.85000000000002,21.748003032614896,False,False,False,False,False,True,,
43,250,-28.721175974901207,57.63642209277788,-58.62723270506385,22.527128485596847,336.7420529051709,241.85872501648078,214.3551768542975,428.661694069711,0.0,46.119786716147644,False,False,False,False,False,True,,
43,251,65.67060318103381,-46.048956849353914,-14.839827293192812,-66.03858851540741,99.97738168518967,91.5439611462033,511.78865978617995,305.69357813220245,0.0,82.95489611403156,False,False,False,False,False,True,,
43,252,-50.57778187463897,-53.59385034884055,14.329319603235206,-35.518905613277525,214.71077001794723,132.63545201624297,541.3116795815854,410.89125608851737,0.0,67.37681685455847,False,False,False,False,False,True,,
43,253,-0.49007245641043085,24.186234986733623,-42.80644525815033,23.410199506810855,207.33258919190462,260.4060409602341,246.70578277322375,270.3686681174621,0.0,42.32348801979737,False,False,False,False,False,True,,
43,254,-66.04084105867443,11.41954868374009,-36.961721200117225,-51.85728918882674,282.4829208596271,142.36051601870201,339.1779430022694,246.1885350776529,0.0,69.63873507538347,False,False,False,False,False,True,,
43,255,-18.133642930592956,53.85120193639,55.10760419197527,-31.368326811011116,335.9902406728725,275.7044094775556,178.07387212440347,276.2655178447156,200.75,111.54532592515966,False,False,False,False,False,True,,
43,256,66.52047548310173,-41.00222609737726,-20.550514697454574,50.04932221371885,155.10300164510582,296.45127786981345,487.1915434184317,534.5369756138532,0.0,125.98310117182542,False,False,False,False,False,True,,
43,257,-7.132590187107795,9.890539832417318,-36.54880146997341,40.005837949799755,287.21465585875893,78.17008559686879,173.5449514258287,425.0748681734299,169.9,31.864219670025292,False,False,False,False,False,True,,
43,258,-45.53548407585396,13.359488571635595,-35.86244475379564,-4.644429273790038,191.26351765046337,177.29096750795415,362.1601875123529,299.35306672584437,66.05,20.352408913131114,False,False,False,False,False,True,,
43,259,-56.925866827130704,55.09364949531732,56.842219101104405,79.42596671515437,21.696940312288802,293.40254569793734,229.14039309060396,359.2815869961381,300.0,81.3585981169903,False,False,False,False,False,True,,
43,260,-78.83869081895133,-56.058495252368914,-40.97441435287063,-54.82733069804914,218.6377883487337,94.04192923559732,220.96149117719563,195.50033321592326,0.0,37.884286959894155,False,False,False,False,False,True,,
43,261,17.59850645798926,-11.680380589395384,6.476328048921701,-42.287035691377994,297.3151123973005,71.54613298549422,395.74418502124905,521.2541744656978,44.75,30.81897184014071,False,False,False,False,False,True,,
43,262,37.83168601257765,60.02511541988889,54.75803141117649,-47.34926950590129,1.2075622201191338,150.26885915399836,431.4131050820437,207.50563140601298,0.0,108.70032063772594,False,False,False,False,False,True,,
43,263,-22.70203884152187,-33.2767758260332,-62.844461488346596,-78.13368654439785,329.1697954518358,347.38889783904335,511.6000369228483,532.2897335275495,300.0,47.33224315161792,False,False,False,False,False,True,,
43,264,57.837561939859825,-77.20998008520377,-25.14857881843966,-35.917217675921705,333.5040150089111,183.26030891621627,409.72171595200575,293.4594536093824,300.0,70.4846039307284,False,False,False,False,False,True,,
43,265,68.73267487747955,75.41233072322294,15.41594300622343,-32.62915690982535,87.90816646719816,95.2326660140381,524.9954040648925,242.2456480309804,0.0,120.48085718234887,False,False,False,False,False,True,,
43,266,59.52627668006721,-52.90064652178772,14.192994207662395,3.967859352047043,195.2578080975824,223.7429786271521,497.9419090799988,359.4246796471355,0.0,72.72642889655194,False,False,False,False,False,True,,
43,267,21.535030615812587,-2.4164771634407884,60.14168893564286,-5.722898863392061,308.613132058724,239.6551194754662,318.00908643043044,338.51315929733613,12.05,38.72794454313968,False,False,False,False,False,True,,
43,268,-74.35674324885946,-28.557214491904475,-12.166116273646395,15.039667194873317,0.8672991716630873,282.62711252636603,278.8371012412483,190.03632491492732,300.0,52.14645920953014,False,False,False,False,False,True,,
43,269,7.026079231272064,-56.52236979012122,34.268110293327524,-41.70965883673784,248.43834443395966,358.9944423825966,349.0747380643779,154.6781356305746,0.0,31.00878362939247,False,False,False,False,False,True,,
43,270,-53.45209628518745,-27.718951298417892,2.831871836703286,40.835209020197865,191.46631916729868,283.90134925696015,227.0151756282824,249.30991626985167,0.0,88.69925571579778,False,False,False,False,False,True,,
43,271,-39.37419709134076,-20.33481047846667,11.900474328114939,-38.0231252852564,304.1331475567931,19.895343102257126,239.32886086784038,419.5750282659414,0.0,54.23991528272554,False,False,False,False,False,True,,
43,272,-66.84021744844384,11.811199680509475,58.68191747910777,-10.748041240662502,131.55262675342652,241.05399190656377,498.1473309204356,155.70270075306829,300.0,83.11246998366435,False,False,False,False,False,True,,
43,273,-34.20171311796258,-75.89733563129867,-57.89193901763422,-0.5016955777967667,244.27610755666882,87.28126903686004,528.5416862698082,374.7439203497423,6.95,79.01149101179175,False,False,False,False,False,True,,
43,274,-44.44946846434892,57.81969487098564,6.963918053399084,10.287547159298711,52.024677945796235,327.16766423262277,515.8088885401817,514.3497119720232,300.0,38.392410040533704,False,False,False,False,False,True,,
43,275,7.881158879249455,51.19104256231171,-57.05161318554241,-56.787143967090955,244.30790712159018,281.4154503367982,529.7582203918915,313.73833001510155,300.0,97.86824086046795,False,False,False,False,False,True,,
43,276,-68.15888220431376,-16.852730022522465,-44.25474921746449,25.704184688743993,232.97784478939693,9.28469138331291,414.9680755908489,448.18260859922464,0.0,48.81084473347068,False,False,False,False,False,True,,
43,277,29.759682782042944,79.79190184356099,-5.665590370442558,51.52029626108725,138.23316971747528,281.2955733883113,465.3601850489077,450.77662627612693,0.0,45.32365453203405,False,False,False,False,False,True,,
43,278,-20.12784986899598,-32.69213432147019,-23.95885188724003,-69.4837220537568,229.79987526206048,99.73396873279596,447.53228035401384,431.42620740100546,61.7,34.37706867748894,False,False,False,False,False,True,,
43,279,-78.83280925154038,51.215258548273,70.4827689252302,-35.256055156119324,288.411532169631,135.54823349870802,486.7552697388091,296.5448460315247,0.0,172.54689211929238,False,False,False,False,False,True,,
43,280,19.335885840835175,-45.599968434645604,-50.83869190458715,1.9034594522060502,308.19083985966773,136.22382396425112,545.5779810894653,207.27334681208788,300.0,23.532122875341333,False,False,False,False,False,True,,
43,281,54.76295683287441,-72.27074062227017,-67.04041029559441,-71.82488611935844,142.44793516676225,165.24821151376793,370.6485470069206,166.78234693174568,0.0,121.80418313863578,False,False,False,False,False,True,,
43,282,50.07434689961221,-11.992032692148541,68.57618734951586,76.87690276271715,316.8192353713401,120.61097008386241,175.7628184130504,199.80729738538724,300.0,81.82917532270586,False,False,False,False,False,True,,
43,283,40.874402078225586,18.98991510069486,64.36723579821194,-21.355864636344997,166.11168852130712,53.173937617962174,533.5541322417738,527.5993855955644,123.05000000000001,35.575977749348354,False,False,False,False,False,True,,
43,284,51.92098329943215,9.855981993514774,-67.00693815386566,-77.03860217802495,6.58500204719171,40.88043855861513,328.61244018308264,317.61773298140815,300.0,140.79710745954497,False,False,False,False,False,True,,
43,285,63.102829737729024,20.89969612401127,-10.87855580755965,-62.05769981925363,4.625806434898423,353.11529840540953,332.9354167925514,339.03286467981917,0.0,111.153834611714,False,False,False,False,False,True,,
43,286,74.7738376843804,64.11608711634943,56.185212587551746,-68.70616230044519,252.9190044223396,109.28423939067284,300.19350665542777,285.3423242145312,110.9,133.01691267479424,False,False,False,False,False,True,,
43,287,-76.21689968942107,10.794503120827258,43.7251238831966,-7.676242941064231,145.8448772212012,295.9061978750507,273.55059015221343,448.5986762203336,300.0,75.39568708238397,False,False,False,False,False,True,,
43,288,-24.45722087486711,-42.95907886832816,12.613557827178496,73.7571337308222,200.6438066606964,350.16475318805635,346.3604780780704,290.3736235754162,0.0,122.46189985896065,False,False,False,False,False,True,,
43,289,-15.529577594440482,22.688838316098526,-62.692995367063844,-71.25944535178866,58.627306022201566,309.25798639141277,478.96063204724027,341.99641362172997,0.0,105.12215741762914,False,False,False,False,False,True,,
43,290,7.166544456015899,17.79478411234122,-7.163429546000813,-47.603542349575974,270.8132330425186,294.57906409661314,495.5094152004447,160.897457615991,255.9,62.03403537292106,False,False,False,False,False,True,,
43,291,71.77692246860298,-61.34892007955617,33.25174483645647,75.2529830821988,313.58513586865155,191.49382743240662,176.51167145980216,344.2889250480399,300.0,103.92279294029024,False,False,False,False,False,True,,
43,292,-21.54193342108252,-54.52999244693611,-22.700268674980123,-59.925753000593275,39.38217046691959,159.60442238683953,522.4668532206019,174.69409155717548,0.0,5.518693007662654,False,False,False,False,False,True,,
43,293,-37.36932482188369,66.73013471938708,-30.391770194895088,22.19943973691288,292.14523057022353,17.167013277497777,233.87033497589982,429.25303886323803,194.05,37.25462602355008,False,False,False,False,False,True,,
43,294,-54.91896724378775,-23.5136735071101,76.10685936035796,-67.00280621552372,313.5929735344737,75.86229281714199,203.96823479089758,511.8924111625785,0.0,138.05459753673426,False,False,False,False,False,True,,
43,295,-8.906457031329452,4.945057688431902,-64.44186794165638,-35.99348071762209,161.16257438252208,305.82845575494616,182.95297955831856,230.80672197052945,0.0,68.99380980785753,False,False,False,False,False,True,,
43,296,76.00299304434475,72.50221150837211,59.50709359158219,-0.17292949030070304,160.6163807325546,75.95752428213396,489.2714678346475,353.8292800322675,300.0,27.09655733122716,False,False,False,False,False,True,,
43,297,-41.159879740993844,40.62405962642316,-67.94463715607053,52.55973630006696,83.20291687573348,245.76019982515558,321.7816969183209,324.79210757005774,0.0,29.32377205344275,False,False,False,False,False,True,,
43,298,69.39708153980666,-5.691859483226338,7.362056037246575,-18.233409568452004,102.129095194444,124.8092031954755,445.8391084383333,410.3938546506018,0.0,63.2900850658577,False,False,False,False,False,True,,
43,299,-69.9602103409466,64.31296880174327,-64.09588448053292,-45.62690642119378,226.6222404607861,142.70570515100823,221.91118941189103,371.0135330610568,0.0,110.09616924231325,False,False,False,False,False,True,,
43,300,-25.42888702668543,53.04125431690164,74.39212040515312,-78.06972065249764,70.07086167748182,7.551983984613697,519.8207903077042,480.65610896841014,300.0,124.15401041445818,False,False,False,False,False,True,,
43,301,20.282773350183888,61.01770354271079,-21.191110741256622,38.847855655791506,170.47522803664944,150.23474772669454,338.8399745730105,368.42762693817815,300.0,37.349489461838836,False,False,False,False,False,True,,
43,302,-49.68054745910912,-67.70548912616795,-47.9459876725063,57.752257856192045,259.496685618143,165.51802302240404,375.3773781646594,313.342649272166,300.0,112.83984793465942,False,False,False,False,False,True,,
43,303,-53.329251504582714,-49.48446435195871,18.21413208309677,-25.652945786627456,324.1099220342776,234.53978625314133,448.8950456011612,521.7644497472222,210.20000000000002,63.89844094715449,False,False,False,False,False,True,,
43,304,-58.639275453901675,-69.00648682062078,20.940707523033097,56.940483284676134,293.62323773308117,240.43475749997714,234.51309892134088,380.92152496022055,300.0,124.01259454676263,False,False,False,False,False,True,,
43,305,40.97023638186711,-78.29125783057998,30.161658908586105,-22.92651067504348,105.5493782459507,291.81653111882554,255.47584456351177,163.35104739673102,0.0,56.409933297180956,False,False,False,False,False,True,,
43,306,-38.26585454497605,-21.6302849891254,9.62790541767788,-47.47739267322473,195.615199525917,148.60058536027967,219.9810137028185,468.1269030397236,0.0,54.42320478429894,False,False,False,False,False,True,,
43,307,-6.867440242100869,46.488278089231954,45.104628951376526,70.87317125428609,329.8030410190559,325.89108506238273,350.25422271167855,396.29533566230646,300.0,54.946949112656625,False,False,False,False,False,True,,
43,308,-13.399540211802275,-73.07496400041018,-17.015635936284248,39.03420197288955,156.72423114261585,76.76657633654688,520.1029285674601,184.66791957311654,0.0,112.1674696314287,False,False,False,False,False,True,,
43,309,62.67333500281444,-34.51118607187601,-23.579469785301143,-78.31982761155217,17.43577899606261,329.94830990080936,195.90088826076237,275.1273179313015,0.0,96.74059854770702,False,False,False,False,False,True,,
43,310,33.441315465967534,-27.778508496642047,-22.756100510811237,-23.68746040857397,223.30935727373452,201.30176792288702,437.81968538200056,516.1804134835828,300.0,47.73945281973884,False,False,False,False,False,True,,
43,311,22.231908778915667,-25.050238339014435,-14.841496290818768,7.930952209644005,332.60752368026266,172.68646754903415,191.94665726532884,351.57480360434727,276.45,27.72338516870745,False,False,False,False,False,True,,
43,312,-68.01174982981445,46.07909640723962,-67.11156071929281,35.45793867068133,14.816872729444412,174.62251447081138,225.95938776825247,487.18552996739345,0.0,10.659236937959195,False,False,False,False,False,True,,
43,313,63.20952803191324,-64.67717046221944,-1.761035229342923,12.826016506294764,51.00321738947502,13.858860221565838,298.0193349021356,403.85705392909665,0.0,101.13317003219744,False,False,False,False,False,True,,
43,314,-65.84978069868401,-10.969443604409562,-75.45433161800074,14.131680342498555,29.54158186633368,270.3221139600999,431.18582784838844,299.4600903975498,39.95,25.939960855301244,False,False,False,False,False,True,,
43,315,-3.591910974478509,44.48186154951564,-8.765731881666625,-29.040067416323083,206.45505031570957,68.472926829012,201.36840351808934,373.0919920841011,300.0,56.50135332441874,False,False,False,False,False,True,,
43,316,-10.695059220075095,-77.42005065177577,-45.24832888658361,4.024489130367655,319.40439366122587,303.0254585074315,274.43000879093245,227.99708464788716,300.0,82.51061036609117,False,False,False,False,False,True,,
43,317,19.058905823238234,70.34469476142218,-73.80324841457681,-43.66135353371156,87.60774153019948,341.48802890116747,457.47959263395643,462.40611984502743,0.0,147.03999026645818,False,False,False,False,False,True,,
43,318,-6.260641570320132,8.816135784312976,-78.1319412663335,-0.7066829703993847,320.120393449387,2.0671220899533793,160.77833947127834,272.57391563347977,300.0,62.528437072209556,False,False,False,False,False,True,,
43,319,36.39131790629655,70.83559914884677,-1.3111204575700555,-42.76746314746145,270.1485805571849,113.81340184145752,222.52687132229178,154.24761235342208,173.65,118.36476541723901,False,False,False,False,False,True,,
43,320,-15.402894541204105,-39.685076079406514,-71.77847085627431,71.97915025921444,110.70592558182338,337.89774369252854,178.1952251648907,329.69749688583545,0.0,125.08838894421446,False,False,False,False,False,True,,
43,321,-64.796420970523,1.6155988049892898,-6.570852727038883,-14.900009207983217,63.31003155834123,266.7830573840335,473.56114358554873,515.969906328848,194.20000000000002,30.516372741608706,False,False,False,False,False,True,,
43,322,-75.22212577221025,-26.94249656848237,15.812591151175411,54.9978891401193,75.50293865525495,167.2429190143874,304.83585552395175,439.4650306987374,300.0,84.51864035075847,False,False,False,False,False,True,,
43,323,23.58033843054187,26.88021328971429,14.272903707026188,-41.38239653994867,35.32860798117283,223.30461741303125,434.7970400925834,207.08784626404906,0.0,68.89421051067575,False,False,False,False,False,True,,
43,324,-19.04577403967533,-1.0024987432070702,40.264895273171675,26.06922576417972,339.39680558493677,151.81806280032086,193.81791644925497,354.2239215072302,0.0,65.19688460457093,False,False,False,False,False,True,,
43,325,70.00410000710616,-32.13691710573908,20.792531377885624,74.75174670986294,266.3868844700402,50.39431228498084,341.5169510443538,497.0939307391261,0.0,117.67312751530518,False,False,False,False,False,True,,
43,326,-19.138310736240868,78.12393224478592,-45.30516961238792,-78.28591499834737,57.94216764989094,210.54744073888372,299.8180158564353,339.7024390059588,0.0,158.58355784274892,False,False,False,False,False,True,,
43,327,-5.682088745054415,50.8288855283858,-3.4487993499003835,16.731297943101396,144.71056196232055,51.42536666015676,185.47667716594503,213.4373908523403,300.0,12.647034027509934,False,False,False,False,False,True,,
43,328,39.2654468792833,0.5100575959951925,-60.45384398440252,53.26016601391339,298.89718032867944,143.39044836152988,490.48076543977663,293.73767000045655,300.0,51.11146887682369,False,False,False,False,False,True,,
43,329,35.532005973636046,78.95986143645149,-21.48183335165369,-65.76513340560544,135.74414289629172,38.496082138977215,325.2412537278847,538.9966479212543,300.0,102.12591618819,False,False,False,False,False,True,,
43,330,-1.5320271189659707,-22.96668495740056,66.06069065288028,-72.49591067733269,354.7888439175856,189.55349282435233,287.55833506038414,488.15954562135977,0.0,83.79689550454985,False,False,False,False,False,True,,
43,331,51.69503255933162,-60.600033375425966,-21.135027375064567,29.971303873323308,90.46105947174671,124.12917882334281,177.9326745078517,517.3046706761246,300.0,84.4036747832925,False,False,False,False,False,True,,
43,332,-77.6363484845796,-3.375962271470584,-73.10308513086886,-27.564229231986346,75.68074265006783,334.7489937521579,216.61682037971968,376.1330435967725,141.35,16.354094720116247,False,False,False,False,False,True,,
43,333,55.89984258878113,-10.266618087871308,-63.07314920016193,7.230992350860689,166.49546427714242,158.64738154019096,192.4182377985987,249.91799082162248,300.0,115.94572593098196,False,False,False,False,False,True,,
43,334,-46.26241551019574,8.521708796490358,-8.137103753154719,-34.97125651700674,158.97081070643543,8.407015553492414,398.5512811683931,331.50668126089573,245.70000000000002,31.959987831595328,False,False,False,False,False,True,,
43,335,-65.63167740314404,33.351251603524275,-51.01735608459924,69.43997036458103,309.01508683410725,20.732926304136324,428.21927165967446,451.53437178899014,0.0,38.93551090478103,False,False,False,False,False,True,,
43,336,-31.410171704780474,-63.61008867888833,55.09072484074443,3.7833482572791723,122.78288529748038,68.51918134120585,203.53760108174774,468.68723820943774,0.0,109.65528006096555,False,False,False,False,False,True,,
43,337,38.534701302228726,-5.687085025860128,-71.81000894698032,13.763247791921259,141.66728642484412,254.81435540572215,463.4296041622877,219.85961968607631,0.0,112.04584118433117,False,False,False,False,False,True,,
43,338,-60.15085131242442,78.2099209171019,32.160883980451246,-74.68241099850268,259.4049927506138,240.87774691006047,385.3528981022474,363.0936488805611,0.0,178.59877275998664,False,False,False,False,False,True,,
43,339,62.57802023641207,-12.799404350620733,37.58112155033925,-69.6366532587541,304.96794133684,306.8517513969217,513.6082412657831,154.47541507485604,0.0,62.091205555754,False,False,False,False,False,True,,
43,340,6.458338799339998,-50.08582762972026,28.13763270189297,-50.97198127954137,309.2254739685405,156.91748544175437,274.7511464403418,399.6490331784406,0.0,21.697397364761557,False,False,False,False,False,True,,
43,341,63.04324289622019,22.916609160314096,-34.454943639625455,5.246187195188099,280.26205899395666,130.92612261932757,528.5697767460754,205.83853861466616,300.0,55.207964277555725,False,False,False,False,False,True,,
43,342,-47.800700840307364,-23.749904176474708,-73.85517497632607,37.460361243546686,295.1558111494626,41.59115936080844,515.1127146563873,302.5615413801544,136.95000000000002,61.49249903259609,False,False,False,False,False,True,,
43,343,74.00785840540951,-39.81556437364642,-52.42065680400966,33.0796476178017,17.768451235140827,126.08112683341945,214.99666399608157,520.2867045992521,300.0,101.4840703935415,False,False,False,False,False,True,,
43,344,-30.179552583326682,25.41387824501507,-51.39839542253526,2.1211118540994676,43.70896425866333,60.563261758588844,163.651441010383,346.1038650730004,300.0,19.7637510152066,False,False,False,False,False,True,,
43,345,23.958358454705262,68.1595311491686,78.85180279502447,31.415172529265604,233.05204834602515,24.501788504712884,542.921914385039,245.35332690897974,0.0,66.05632537412116,False,False,False,False,False,True,,
43,346,-24.31660154120658,18.698860383517214,4.082292941480688,-42.455654363490574,157.2388626846484,285.1335998553434,345.09878290100335,335.4537005756041,300.0,29.01174173004548,False,False,False,False,False,True,,
43,347,70.38623445243704,-24.490693613923526,23.085300860350642,-10.048943660313086,191.89042157454992,16.708766914119476,447.1767479555053,162.13501421106713,0.0,49.456470359353126,False,False,False,False,False,True,,
43,348,-72.54115591252324,-29.337604088032947,50.71079225418043,34.355875244640245,31.464849076255916,49.34624561633852,173.3444298856588,151.8574356677237,82.0,138.73118769588203,False,False,False,False,False,True,,
43,349,-63.21478005062973,-53.416902543868176,7.064727738115906,-37.123257146669104,267.5013091994439,178.3077605602942,247.62964576317552,435.3173015532145,0.0,72.14355200125667,False,False,False,False,False,True,,
43,350,-56.933962707792034,44.04338617550016,-64.64103126036858,18.55923029877873,145.27523691070465,32.44715453895637,238.72726497360856,486.93263397802673,154.0,2.3986431775176156,False,False,False,False,False,True,,
43,351,19.642906212674674,-77.57942639738565,-79.44302939043928,55.20166655010746,10.720923331026322,230.8821506442885,269.2850735781201,366.0603068380409,300.0,156.46207198190916,False,False,False,False,False,True,,
43,352,-39.047099969277625,-51.966294177551156,-49.51388475036616,-51.316285085523496,307.65138659059664,82.16091134320058,288.9576534021504,498.33466396113135,51.5,0.9123011156306415,False,False,True,True,False,True,51,0.9
43,353,64.5157360219064,-35.89250100971366,-60.89494864969467,63.31861505612517,112.57148150905849,254.714773550126,447.2872660119377,170.45914657562534,0.0,159.90836557487887,False,False,False,False,False,True,,
43,354,-65.75985133801204,79.63325684341791,67.58288576539175,69.53165654187191,200.05980479044985,177.18776328059673,166.34671557386005,187.4807682038361,0.0,133.72482143147417,False,False,False,False,False,True,,
43,355,-70.3312074319538,-72.28528212613973,-62.77691839998509,-49.697407575521844,285.4491365612267,150.9051256549991,408.02929826190996,459.204900473779,38.6,22.22057474347363,False,False,False,False,False,True,,
43,356,0.7751075424128118,-31.78403909625986,-70.45131748423726,28.541942415216667,298.8500348041951,32.35350987152932,378.563726597302,295.6694057211349,300.0,72.59436109881841,False,False,False,False,False,True,,
43,357,72.50109116545451,0.32888325469654944,56.537679897776655,-26.991765432290094,332.96200496609396,318.8973608901114,523.8949761842035,281.30401509070066,0.0,31.64250849693762,False,False,False,False,False,True,,
43,358,-31.313655240543966,-10.896840968733784,19.897863948450834,35.11610200235344,334.8961150267397,231.9114751578754,357.75297388676,404.2188291533934,300.0,37.389504729569374,False,False,False,False,False,True,,
43,359,-33.94985653580253,61.372450581485566,43.335213928858565,63.98373973576054,264.2537112237988,241.6875329955356,377.1544390471753,416.9212250145934,0.0,77.32917268259672,False,False,False,False,False,True,,
43,360,60.15991681673148,-9.811284695820746,4.605390500765182,-38.568773290943824,307.85654497372525,116.3763913029899,524.0284128692906,174.66724714097484,150.1,55.41840115852892,False,False,False,False,False,True,,
43,361,-13.495241756971865,-59.11910099619661,52.08418596013021,-56.410505016104,102.2168194721131,243.89444875186874,231.60706748968022,389.9191601845417,300.0,19.075861645358547,False,False,False,False,False,True,,
43,362,43.09924598878604,-57.777053255916364,70.8741211220638,59.13128673185054,353.3717190180504,74.4851058641406,382.79878900503047,230.68101944308694,300.0,103.26468174377231,False,False,False,False,False,True,,
43,363,-58.54822973032963,-11.301773180777275,72.54998708880555,25.532488576595426,109.83701136880156,49.37657590465877,495.4722049014145,438.0293057797988,13.15,136.16355817044328,False,False,False,False,False,True,,
43,364,58.551480238886086,21.122423890691863,-22.053643948958133,-56.191198376613954,85.13454707740443,34.931304533830414,271.7468460445608,229.51554596368248,118.25,111.46388988994713,False,False,False,False,False,True,,
43,365,-64.42069597434106,63.43082947746166,72.61507844932726,-27.491452431573308,290.0082949311259,187.86835751352524,474.3681416313691,453.6880865440265,0.0,164.45566216898868,False,False,False,False,False,True,,
43,366,-34.18228855613503,4.69132939720069,-69.26412279606464,-16.99283305945626,220.7248757500766,117.54348415778225,359.2740394322377,252.28155771472137,299.1,9.247594043550967,False,False,False,False,False,True,,
43,367,63.81819051235044,-22.01464493943766,41.464051293454105,-78.08533153946377,207.50855533394923,141.4275215755387,369.0224177813351,163.03086197224346,300.0,39.41860257594984,False,False,False,False,False,True,,
43,368,20.03038172832119,75.4309776541347,16.983063158031854,-7.448028249564487,60.54809056740511,295.6409602940778,489.38211947685033,376.1572397739997,0.0,82.93500931484986,False,False,False,False,False,True,,
43,369,-50.300689815407864,63.096439004553304,8.702943347043316,-2.4624542676365735,348.23127427308486,271.68483763378794,397.0811096618329,176.12769387972526,0.0,88.2008912281701,False,False,False,False,False,True,,
43,370,22.177384135732296,-76.07885121082639,-59.386635427108146,-74.8868488493986,85.0834480151027,161.32139558373086,471.95135213769646,235.6275082397885,0.0,81.57272924744561,False,False,False,False,False,True,,
43,371,79.0630762345719,-25.239222257501552,-50.95819399178667,75.31188869181204,172.97325490274866,98.60287606062104,408.09167073009587,398.09721642009214,150.85,163.09263015373853,False,False,False,False,False,True,,
43,372,7.578631521666054,0.780352074076589,27.759420702921233,-3.7347894682670812,315.3616298681171,211.02394542819658,300.28195721506955,230.37060398829476,0.0,20.679718448897308,False,False,False,False,False,True,,
43,373,-25.265714212439732,-45.948226136496544,-32.390316440797235,-8.271444939371662,146.14990771318415,52.217469783693545,309.84996404625207,275.1516763655608,0.0,38.34448849950068,False,False,False,False,False,True,,
43,374,-18.72585837608817,52.80712059031532,-8.193701847059259,61.904239459750386,170.90460638067887,316.79393839777146,499.86842229264437,169.32140445047037,0.0,13.917036066512072,False,False,False,False,False,True,,
43,375,-57.61533043520545,-76.30230094622473,-10.315060677014444,-29.742911959164488,0.727531686934566,174.47769499839555,528.704944807498,338.5305931815242,187.60000000000002,48.66973748501644,False,False,False,False,False,True,,
43,376,-34.93157137008447,43.6546753136723,-23.093848030654712,-25.335173152080387,154.37698329222547,350.3666006956771,232.45826772232857,216.37842507828321,300.0,33.748985631843276,False,False,False,False,False,True,,
43,377,71.92726743084998,-46.74013937788585,-79.00180175512936,13.61110211377877,132.669225441164,217.43792733922663,549.1086534946533,190.423499863977,0.0,162.5480122146419,False,False,False,False,False,True,,
43,378,15.954036726955252,3.5776084164493795,-23.067324859548876,-69.07003925701645,165.34520248639257,28.686739222331745,173.86195439982043,282.10886502915656,300.0,49.30131311599376,False,False,False,False,False,True,,
43,379,48.7484430886326,53.64908882589367,-38.0991290301807,75.0547574743573,109.00484992832037,288.84966443690047,444.8451973769785,403.00898926105947,0.0,89.44665132479973,False,False,False,False,False,True,,
43,380,-8.00265265057189,10.239912871655932,-54.512663612041706,-64.07072256911974,106.50121539711976,305.6597701351691,513.066857552577,299.98537313502464,0.0,87.6655671244298,False,False,False,False,False,True,,
43,381,50.818193231936334,4.318370962888807,-55.93690701646093,-33.07606665873054,161.56641019655387,67.48824955758016,401.96263079004257,539.6325706745458,300.0,76.686842621082,False,False,False,False,False,True,,
43,382,6.762056978452705,10.725683943118497,-49.26030022570554,57.63625293030617,88.9370585633795,247.47344639060591,190.3118970421616,500.6694752490194,0.0,73.06918631962446,False,False,False,False,False,True,,
43,383,-11.334101269179513,-60.99001724762143,-29.770117515418058,61.02063353517647,314.9110240672872,293.89202695282887,448.169296394968,252.6859009144011,300.0,104.77606582176946,False,False,False,False,False,True,,
43,384,-21.005768419806387,65.19164232599661,59.388875729380345,-16.30680206057002,233.52637024809064,129.524768668283,157.23244961086408,517.1344298549265,0.0,114.47836147195966,False,False,False,False,False,True,,
43,385,-65.83936127766749,10.722426389357366,0.3489219350061319,-62.36141131764757,19.774307800073075,17.562208516876268,318.0991884518536,311.00413261647816,300.0,98.01052426841558,False,False,False,False,False,True,,
43,386,11.628918292131488,-50.83922903511757,-3.985390470774149,33.94950220475832,117.13783695821581,131.2736150273923,471.1894270953104,224.7403915859635,0.0,86.21447432659586,False,False,False,False,False,True,,
43,387,25.145899945159158,-64.74209696803611,-37.89668648523511,53.229788506480304,243.4031818865059,66.65910081124588,306.14060411016436,538.0386227068157,35.800000000000004,133.4963469936816,False,False,False,False,False,True,,
43,388,66.35151958633602,41.66590195204515,58.07490653780164,-72.04817309164358,214.16253693246694,40.92274037999745,196.4099086817086,311.68207787635606,300.0,82.51655387177945,False,False,False,False,False,True,,
43,389,-23.90141836132372,-64.38011753411459,-61.469387827780025,34.262299672653725,317.7794490177336,184.47584384630517,244.7597983338472,360.9157736227758,300.0,59.62219050549061,False,False,False,False,False,True,,
43,390,55.31103338854908,71.19583869573307,-70.24881472570756,-16.134610827474027,39.66422898063391,153.8445748222149,357.7148534498133,472.37557333602837,0.0,152.9440514449667,False,False,False,False,False,True,,
43,391,-54.30483572200173,1.4053467830403292,-3.8609563711939927,48.4051376912964,353.2480724631286,99.257366484043,262.01135450601464,271.46263939954133,0.0,68.94610438145608,False,False,False,False,False,True,,
43,392,-24.105169151928735,-24.783250071001547,-37.32207733681102,-31.285538496794985,279.7251102959883,134.06200364463712,205.80106784066987,204.45826166103097,81.35000000000001,11.768566632968545,False,False,False,False,False,True,,
43,393,-53.78110263767084,50.38117677526441,-50.99594971627479,34.345211021894485,175.94437623804475,36.406460004259856,398.20368637701654,348.3707506240965,76.0,6.780352815987935,False,False,False,False,False,True,,
43,394,24.04095971762092,-9.772362078070074,68.04070035720761,70.42265902553913,269.31815687026847,214.3590788555446,283.8638633984557,469.6074063323953,300.0,66.30823679403963,False,False,False,False,False,True,,
43,395,-45.23601186075645,-48.53913054940742,-35.179415169237686,-41.59590929590587,141.60482724198678,40.314765091034964,357.4240654466067,482.59164962114573,0.0,12.220616121576757,False,False,False,False,False,True,,
43,396,-43.61823849932924,-24.186426173603323,77.5516243036052,11.138041162565003,175.18132539623903,148.82518831881535,341.1760913066258,520.124151073383,0.0,126.21392016836327,False,False,False,False,False,True,,
43,397,-50.165883182120794,14.077469797101372,36.02995100661644,32.0928948128398,58.665729777913015,263.07381897709416,535.1054881089315,346.7291582214648,300.0,21.26660340009836,False,False,False,False,False,True,,
43,398,-16.689007939210754,77.89231664338277,40.018342557650016,45.61616589532832,55.83952859951442,74.31615554127418,503.1369308750252,282.55014916254214,86.95,64.96554618353372,False,False,False,False,False,True,,
43,399,-14.829364019338925,-56.98910871669425,-16.445509834734494,-19.115461134511627,7.464055893871548,192.22916475535655,524.9351111008334,305.0160746922753,161.15,7.660326229160915,False,False,False,False,False,True,,
43,400,10.895585884935713,22.4822987822469,-40.757008324962634,-79.09172899005993,294.1781044883304,266.2384773087727,404.70401335143686,518.0988017884838,0.0,113.95294470307375,False,False,False,False,False,True,,
43,401,41.95653456849513,-30.472678632583822,-40.13582641590727,11.431160727862007,1.9803830379481413,83.90641046666471,183.32370445689963,440.0810537810862,300.0,55.337308210591736,False,False,False,False,False,True,,
43,402,71.24300396594847,-43.46546000127573,34.3576633418902,-34.1417498850401,66.89118103341714,122.40025707893285,160.27687176670793,462.44038064750094,274.45,23.308242587486212,False,False,False,False,False,True,,
43,403,19.716208315370608,9.679152162018369,54.022480691760876,-25.17059531199134,285.4265084374277,267.4185841630937,364.0224696365347,348.14554829961344,0.0,48.902200598391524,False,False,False,False,False,True,,
43,404,9.38639688792739,25.606511233803587,-71.52088779899563,-42.82387277919716,309.18090483135416,255.93297986803938,521.7714736610011,530.621191534224,0.0,105.96558956367655,False,False,False,False,False,True,,
43,405,-68.94057466367673,-62.16051667092948,3.22794746856367,10.93690020098299,118.06305654729368,257.20413037217776,390.0445667025636,222.5830094137816,300.0,88.02425660574629,False,False,False,False,False,True,,
43,406,-50.913115203103615,45.52860650689826,70.67346249195734,36.17295359546108,106.02399249286694,2.7463695007420075,380.90935657940406,376.6871113452276,300.0,97.55809179363848,False,False,False,False,False,True,,
43,407,33.92238680874699,2.0480703957278763,76.73949996361495,-53.40878620296962,236.88016363954182,55.91533056115146,153.87253447400923,529.336438733081,0.0,70.06260145559301,False,False,False,False,False,True,,
43,408,-40.91181727030195,-66.93729859640936,57.83759525308892,-50.562440713543694,236.90189714153948,220.77006024247007,287.5477553224332,181.16670059418723,0.0,100.0978643348542,False,False,False,False,False,True,,
43,409,78.9722342294335,-79.80093609436834,34.89882402488038,-14.061101816702887,235.85921571527936,196.526167535127,461.8991938867916,152.2956337021748,211.3,76.31661493310051,False,False,False,False,False,True,,
43,410,-21.74599903137313,-72.40493055629639,-31.865592661725742,66.31890994951516,330.09243376258354,174.1208408350427,335.5537757957696,544.0593560147945,300.0,69.89967437418348,False,False,False,False,False,True,,
43,411,-20.402344783154604,-20.824468606583707,48.466136952602426,4.64070727145922,39.36231468926093,146.21151065735768,184.38170225209484,351.1503759536115,104.7,72.294878661342,False,False,False,False,False,True,,
43,412,-76.51866712562766,-13.128293037125246,-61.333359186120774,-79.68937926697605,254.48956544313998,67.38772944804835,217.9563018131223,179.5574114344597,63.300000000000004,67.91377451807084,False,False,False,False,False,True,,
43,413,41.60370563733581,6.798827485477233,41.37719518634471,-47.093660060074484,20.89455980933092,234.74819829340825,411.03701430407386,318.30331688415345,0.0,53.89296355584702,False,False,False,False,False,True,,
43,414,-72.88209468999375,52.97650661136447,27.12612899769792,19.282366002829974,129.9375296495314,224.3087031671381,376.2101135342283,471.8429024205749,300.0,63.968598407350704,False,False,False,False,False,True,,
43,415,-19.425412748703756,30.868367088795964,-77.54278267822123,47.4648294142562,79.56434117122254,277.8957802588361,357.16595117892797,522.53479231707,0.0,60.44064236293988,False,False,False,False,False,True,,
43,416,54.27255347651962,79.97037073241256,1.0738937940361382,30.45389061085274,101.72323321516625,200.9755021481558,266.50985138693534,467.91990808160205,0.0,72.67722611411034,False,False,False,False,False,True,,
43,417,51.94857596426834,-4.289153814581027,-72.51645556256318,-57.78150070474755,351.4184887179005,345.0080714496207,498.4870352879324,485.55393303450455,0.0,135.47315324001679,False,False,False,False,False,True,,
43,418,78.2499667978399,4.3875398337512195,40.03009589270498,-47.705755047444995,185.20888773368515,31.30866402935565,204.34751826913086,212.56161944350282,300.0,33.979047055531304,False,False,False,False,False,True,,
43,419,-51.33320491061836,79.34540926740513,-61.5018544391949,39.6120991139731,156.00640282515096,299.47460329817824,362.61409895045244,390.100408841921,111.55000000000001,34.51561985375747,False,False,False,False,False,True,,
43,420,41.427735831132196,9.508311686023973,50.25394238126515,79.72493804847406,269.27570657181076,330.1878740647115,293.4944093725147,425.42617395695765,0.0,70.76917789397818,False,False,False,False,False,True,,
43,421,37.73144654659633,-78.73538877864364,47.218123683770784,-57.31019058839255,243.3764758712003,276.6395888004205,451.7049760831574,437.01539909914777,0.0,23.43152066333995,False,False,False,False,False,True,,
43,422,-21.339242334202396,57.32502498386421,-33.42814448262711,-63.67403693817786,327.9200963683283,177.8435250741662,285.98689881207486,164.26928771703038,0.0,121.6014578085656,False,False,False,False,False,True,,
43,423,-68.1541073081725,-21.10443676579814,-48.93809197885247,44.80218624859529,199.93682717562658,36.204860354810926,369.6730422169896,251.338210129287,0.0,68.65084269182744,False,False,False,False,False,True,,
43,424,-21.91722950475763,38.751174496928954,-43.19925785533472,-48.08603260525891,161.8540929579493,160.5862800723854,543.826590367893,240.29064280039972,300.0,68.93485523743132,False,False,False,False,False,True,,
43,425,-59.03215263038844,-3.5627134372405322,-46.48506282493335,41.74700585661505,123.31307806978269,304.3196641119881,186.08804267748255,262.2915372857979,0.0,47.0148925881379,False,False,False,False,False,True,,
43,426,8.92772492407613,61.18410423019199,65.64644710862157,44.16996592004077,228.49412530182082,322.9024467783812,360.24422967789525,170.62156176646343,0.0,59.21565965759904,False,False,False,False,False,True,,
43,427,25.10278699023462,12.707449594723187,-20.192642186179235,18.903884097602415,17.432311408662308,120.94653768055417,244.28529008873463,457.25917946431275,194.60000000000002,33.944661592569,False,False,False,False,False,True,,
43,428,-77.24612459907982,-2.9829188079480105,-5.331612711533111,-47.117441105524875,306.251086517224,7.136729599957556,309.4660145163307,393.7676951549529,0.0,84.37744413324812,False,False,False,False,False,True,,
43,429,-64.97176243407131,-28.764577958651287,24.76682638877476,7.358238980220364,150.22348582213777,358.7179379386678,166.26332757560732,289.78155013816803,0.0,96.7360957839165,False,False,False,False,False,True,,
43,430,57.245895132634445,-24.66573387558634,57.31407421325531,60.967800155746716,249.83816912096557,326.1930340659161,384.2492246896125,345.06658783251635,0.0,85.63356117248955,False,False,False,False,False,True,,
43,431,-10.708898150421533,43.48397619061862,37.65558993605026,14.948073175895303,312.4269244126501,78.6910641722584,451.94414246834344,245.8698975231237,0.0,56.15533339525434,False,False,False,False,False,True,,
43,432,18.604254721835446,-49.85734417914433,49.710344002002614,-67.2612516246449,187.00409419389376,356.79845468209857,509.3083650147295,217.141819775177,75.65,32.23323493824431,False,False,False,False,False,True,,
43,433,-35.70165537291692,-0.8059013506396013,-68.62601520036168,22.09828700684453,135.04903272118568,265.31408597506453,546.319047201664,359.2900794199446,0.0,40.10754685046407,False,False,False,False,False,True,,
43,434,-32.18361563206942,2.4802410383415747,47.7874248651909,69.00998097447231,213.09325256959582,333.2352425979811,503.4390954102316,165.8918902273995,0.0,104.02679277082245,False,False,False,False,False,True,,
43,435,-63.671136734970744,6.964399367818558,-73.34963894498897,20.710211861784387,90.09972795711815,302.61712054466636,536.4211474675765,259.7387036657876,0.0,16.811328506355313,False,False,False,False,False,True,,
43,436,-23.982359660598632,-71.95057412986499,50.95980548450956,-47.7405356887799,53.34783259189144,293.9312067026836,154.0230177061673,543.0015675301055,300.0,41.957224141313496,False,False,False,False,False,True,,
43,437,-7.861550976076202,-71.34065138116995,-78.38810239317247,1.2712973055247971,244.89714724862827,354.7105620267198,166.1178232222019,304.80845239881046,0.0,101.22494527964693,False,False,False,False,False,True,,
43,438,67.04419900426544,30.706881660730375,-79.25371994378322,31.162216162693397,175.19829358128595,300.564195236638,332.4409019047562,171.6835016257847,0.0,146.2986275329967,False,False,False,False,False,True,,
43,439,-35.91400483631189,8.185976072039296,-25.463189502356833,-42.079427138602924,57.16582562409937,131.21926033045924,311.7177769675825,298.12479187004215,0.0,51.34033795246065,False,False,False,False,False,True,,
43,440,-59.86173100345303,52.002031592302245,72.85160635623095,-27.20059240365069,143.26992545425685,127.36975069702811,462.1658612292166,523.4696038343488,0.0,154.55059223758929,False,False,False,False,False,True,,
43,441,-31.148911709031225,52.828324244764275,-42.710653960735044,-24.066843068856713,101.6866901218024,28.32170796449935,274.35992077432905,376.60657123135564,300.0,48.53660619512901,False,False,False,False,False,True,,
43,442,-78.57816954333721,-39.68084708734484,-64.19789860895172,-36.130707126452926,18.289613367572485,130.41041907117375,169.5731991301941,223.15957466299204,0.0,14.812011540916846,False,False,False,False,False,True,,
43,443,9.395685668266538,-31.021979614885744,28.374510165467072,38.86196813132739,180.31855105324263,7.181838838782237,249.55624190419772,393.87514053929044,0.0,72.4152051153001,False,False,False,False,False,True,,
43,444,51.84129232990824,42.76360785904862,-75.91600673830865,56.62486272695935,233.0865029475757,345.2795325443219,447.7441409008517,248.29710905170936,300.0,117.53490307568332,False,False,False,False,False,True,,
43,445,-27.44685372137164,53.33020030338568,79.18714164377997,47.55929506399306,322.9057499056883,143.41422691536502,257.6008850862657,466.12935052408886,0.0,106.79003846247656,False,False,False,False,False,True,,
43,446,-78.29958482135638,-24.84083751260043,52.7509551013126,14.769328253576717,324.50521680523724,39.57079175412798,523.0366647696637,367.58939743656094,0.0,136.90584080325823,False,False,False,False,False,True,,
43,447,65.82918705150033,-56.61466383419685,-37.38760860568375,53.74327978992514,104.05346327158739,2.6094774553182276,394.9076029868628,492.9372583212833,0.0,151.10454204517407,False,False,False,False,False,True,,
43,448,-77.22143288613744,-34.199967164420464,-32.78038983054209,13.938337031021746,185.53028831027243,100.80247626265306,360.918082898718,307.95227813617777,0.0,65.51566712384304,False,False,False,False,False,True,,
43,449,31.621117193146034,-67.09563216405222,78.93073789465649,-48.161751249272164,281.3298763534088,204.43075523943511,505.3939754781076,388.0577605919199,0.0,50.957747766319685,False,False,False,False,False,True,,
43,450,-77.71718156595279,54.323801087488164,-41.14703184238003,-61.19593463566291,345.4660965689817,27.733194099870246,291.24024453784443,284.71399175587476,0.0,121.17006722929221,False,False,False,False,False,True,,
43,451,-35.82829169607532,-57.35353734501422,5.288273966275213,22.136469963932214,329.66290129863665,356.4395637697377,195.04739570925295,273.266981012742,0.0,89.49431956187354,False,False,False,False,False,True,,
43,452,-37.06300625488648,11.69079984950477,11.881168108655856,-5.5411466823861275,285.31448239885503,126.21836568304334,208.0628943254739,456.3731157517337,0.0,51.88903723723135,False,False,False,False,False,True,,
43,453,5.856644755837138,2.22823963226557,-32.06787459702344,37.813652574690266,290.98694680808416,56.67929635554488,153.7272168835459,245.04405823970473,292.7,43.13661876659398,False,False,False,False,False,True,,
43,454,67.24983737194322,-69.18150561911091,-11.678796452991023,61.375747872838076,18.318436252171608,301.7470256172229,439.68797587690983,371.56297328380504,0.0,152.56121943938302,False,False,False,False,False,True,,
43,455,-37.589812286443646,39.80965506159521,44.02198804925008,34.51653501665203,192.50779791898267,104.94157399255825,206.55103865804887,214.94145467097388,0.0,81.78326891145474,False,False,False,False,False,True,,
43,456,66.63678611711464,-59.86062444245361,-26.901631071241816,-14.565403835115035,45.0380495042364,47.87220390501678,492.3262808468462,499.3539734984148,300.0,101.80948569446751,False,False,False,False,False,True,,
43,457,53.74801542772116,16.619652823030464,-29.46950243161858,23.264560490944447,328.99438582281255,293.14386372445614,230.83590418476794,257.68692831504495,0.0,83.48239381201661,False,False,False,False,False,True,,
43,458,-49.28622963463184,-32.11848516138076,-71.75940372639772,-16.500375722077436,251.463829510586,3.776393481990028,421.20603888557275,377.0077234984985,12.8,27.265289698125166,False,False,False,False,False,True,,
43,459,-15.837485223378707,1.3687120511330875,-36.849906471543136,-47.00065706546223,245.9498770296042,272.92080120380086,384.64495558025817,328.44843596767885,300.0,38.90898631209026,False,False,False,False,False,True,,
43,460,6.535460967046589,-46.75603533024295,76.31299449248667,-57.93115280163935,217.76489087536916,349.32623471350036,329.0941764831115,320.29257879681904,0.0,70.66673499881979,False,False,False,False,False,True,,
43,461,50.14034123617816,-55.50174812908543,-47.43009681514009,55.09039755369605,48.09349892224783,241.44311812894296,412.9578122712257,528.4156950192389,0.0,147.48089051889974,False,False,False,False,False,True,,
43,462,-1.5397122936515615,-45.52654773020084,9.689776767698604,37.88772578022659,254.76043896025064,267.1176935059864,446.9636463279458,460.871353804386,0.0,84.1667538274548,False,False,False,False,False,True,,
43,463,12.577955966167622,30.557443650149565,-21.545524289200202,-48.45571460686378,183.15074544703162,104.52472788327671,448.28331612410165,192.44963254384936,300.0,48.63562334723609,False,False,False,False,False,True,,
43,464,-30.832009840868736,2.2050219914890192,-42.76333243899302,65.47464505625805,56.69773883380207,117.76375448501153,520.6897016995415,338.75023525068127,300.0,35.07868106891948,False,False,False,False,False,True,,
43,465,-54.21244356019754,-44.21092653413206,33.683125689976436,-0.7250564468259029,152.61997148497207,323.25629174349524,494.2459764589726,380.72486062557846,36.2,97.67180668022394,False,False,False,False,False,True,,
43,466,45.38596476933982,-75.82877740676602,11.38704114056317,-7.9274388111253415,87.36179775966323,75.72847610152148,439.4811795444415,320.4405262118865,0.0,75.93759668961897,False,False,False,False,False,True,,
43,467,-79.06701863526396,-55.30618698046899,63.98166808204178,43.15093730419031,87.42658724190866,18.604862313707695,381.7118719461502,349.26354955119405,161.9,172.6564228143827,False,False,False,False,False,True,,
43,468,-20.9820503864594,-35.25945660899227,-60.22487148155012,25.701013896674212,67.69145226779858,292.87045386571657,212.8942397274875,391.8305430917932,0.0,72.49950325190876,False,False,False,False,False,True,,
43,469,-70.43222471110866,67.04306867074791,45.96659443503533,44.42727371935804,219.70261948267537,81.0560781695761,489.002444989413,314.5930891101251,0.0,118.57554250308134,False,False,False,False,False,True,,
43,470,-54.2036641963672,-1.7497998949239388,-63.300444713701154,-8.091363268065791,218.5679417787311,345.10367517771493,353.6943448291886,186.0042901211584,67.5,6.263177939132769,False,False,False,False,False,True,,
43,471,-54.54499570578637,-78.87216846910545,-30.579210250106215,-4.158062878910883,126.43762248289029,265.6951601629997,206.94723319653662,354.6425443043286,67.8,77.8284756017036,False,False,False,False,False,True,,
43,472,49.54444443654262,-9.34788514419077,-0.3342192152525456,72.86340821559475,164.11440658732968,182.74829021756588,547.163982667316,313.08890921928406,0.0,96.15912771847313,False,False,False,False,False,True,,
43,473,-19.747164567611826,-20.008931275530756,-19.377748035618012,34.395380810034496,22.00401680155094,124.95680174338878,215.63492354818828,163.00284889951246,300.0,30.338130318503147,False,False,False,False,False,True,,
43,474,79.98218653403427,74.79337050391752,-44.98342518158134,4.9674509174028145,277.7933350224399,231.2161994539318,269.6597705024818,543.3177845476041,0.0,143.15049129346508,False,False,False,False,False,True,,
43,475,-24.810988544453693,-10.1951468094083,-17.976065878340783,45.16116417997752,253.49865330451314,202.93165033744643,248.96908989369186,380.52339841866427,300.0,35.120625178186664,False,False,False,False,False,True,,
43,476,74.599130290602,48.333568017342856,72.2639547879746,-58.271723968388436,346.7393964740175,1.400552463505882,183.00104362971896,234.99933236795698,300.0,101.88456098096317,False,False,False,False,False,True,,
43,477,47.034191000345174,78.52463960270151,62.06240059017469,19.087269528033744,222.06879005864621,83.68224549049303,428.4718459981338,448.6287357730288,57.95,59.869637251029474,False,False,False,False,False,True,,
43,478,4.368882717360549,-16.90511537456672,-23.887701677158653,-47.8152408400628,254.0997124125411,211.84529010423387,546.3138943055758,272.94471724672474,194.8,36.1690016102807,False,False,False,False,False,True,,
43,479,-21.415164319780082,25.205359050573804,-69.37364204394888,21.323540178749596,342.49900100771134,344.8158351929776,221.82947431197658,240.55031089066995,300.0,47.69904637100362,False,False,False,False,False,True,,
43,480,25.135247793779897,35.6400162561733,69.73152385456504,64.74390408692639,241.26929525445914,209.24915450987328,498.01481901424376,543.4386505449193,0.0,53.252832087644094,False,False,False,False,False,True,,
43,481,15.007480599975182,4.901122470583218,54.55802674686868,-52.546415504624576,214.9031595034879,70.73889006410845,435.67873744745185,231.80758579932453,56.6,69.01991893341496,False,False,False,False,False,True,,
43,482,4.270555565327811,79.5599708429157,31.018765396841445,-61.316908371681635,68.28782561749121,357.2360101367204,511.55853480009205,393.00320651720955,300.0,124.77336923581024,False,False,False,False,False,True,,
43,483,-22.362458080766615,25.287115264206676,-65.6548921576242,21.84242481472529,211.4160977237414,208.1145077405677,395.86606209036233,181.81177040405737,300.0,35.11956182023643,False,False,False,False,False,True,,
43,484,-23.29375655837842,-46.082807411572645,-45.98146801742683,-18.061502554104948,146.76314563360904,217.16811113211836,364.6117470336827,466.3301445445638,0.0,36.054483454407986,False,False,False,False,False,True,,
43,485,-25.083166439289272,-12.5067758549106,65.66738608819162,0.07782323509077571,231.86570948453092,188.87262993221327,406.3721264863173,198.5772860699653,0.0,91.61896593118225,False,False,False,False,False,True,,
43,486,-9.204486672303872,-6.766138734278556,-24.1050119134068,-45.7868302335939,271.8059412640961,352.8762924660809,312.7598209819295,210.2094212760806,300.0,24.187580583002916,False,False,False,False,False,True,,
43,487,27.99774780163169,78.62697721147183,79.9288183213776,22.656489333452114,247.0408618185595,218.86463754540725,365.47373520501355,534.7411303219203,0.0,76.35136933042115,False,False,False,False,False,True,,
43,488,31.949629771934724,-57.65489961923079,-43.963673437163976,75.66614588815065,199.9340972800926,357.55431534491817,355.1203478111005,512.8390940726597,0.0,153.41880842744746,False,False,False,False,False,True,,
43,489,-51.387490262647084,-43.75155861526295,-73.39236106141018,64.88055673416497,5.337588772772448,70.87274385222601,358.7826656054483,518.290716092826,300.0,94.38497962651553,False,False,False,False,False,True,,
43,490,76.40904905712713,-63.62491116840303,46.116692701709326,14.93161036387663,340.51111552845094,168.09660688832068,334.64520959728833,383.54792360699776,300.0,25.454135249829942,False,False,False,False,False,True,,
43,491,76.34696542687172,7.1247050399949785,22.300132154031218,-19.226461173828397,181.18919666525562,97.31356419108971,336.30887813150775,315.22690971304775,300.0,27.46115605485413,False,False,False,False,False,True,,
43,492,67.21800786810667,25.727356842050256,45.26022342858917,-70.5053355224284,230.54412200246892,346.8218336931884,210.09282056547423,208.45047729055642,300.0,69.31160217171761,False,False,False,False,False,True,,
43,493,62.56414292280891,71.80706082321939,39.8654099829385,36.38036661910894,243.66141798232593,348.28930855551937,180.18279963964213,245.74815278875337,300.0,15.982190958676975,False,False,False,False,False,True,,
43,494,37.75745265028918,-70.47214645810425,-32.60629936608426,31.584338876533053,298.4345066865037,354.2228632394063,342.669494493138,192.80039398432663,300.0,114.47921465877576,False,False,False,False,False,True,,
43,495,71.58585417908557,70.02878168844677,61.05295579509598,-10.773601275857075,305.819570369958,221.80084798891914,359.81283722407034,273.78805682289317,0.0,81.48599291336807,False,False,False,False,False,True,,
43,496,-49.91253183753205,75.68961571704341,48.06609380906988,-21.224400002852164,333.73350079892833,125.21543894202253,412.0296484160035,448.33931206636805,0.0,137.8119643810113,False,False,False,False,False,True,,
43,497,-68.14945501586169,78.07100720111245,64.23796578716971,-25.79503687153622,55.18707126439266,281.6349582600341,435.3823273142733,376.559640632904,300.0,138.37516116365157,False,False,False,False,False,True,,
43,498,-50.20449877760265,-26.17837821024512,-44.58999851749233,33.644953978382745,298.40910330275386,43.43316910242875,268.7108067108454,320.39808313862835,0.0,60.08621878036342,False,False,False,False,False,True,,
43,499,-53.08445458044871,29.739045513678803,-19.871637964039707,53.06911786516156,330.2624546217025,164.29521406659785,166.44096368591167,540.1043064614253,57.6,38.998290215162186,False,False,False,False,False,True,,
44,0,-60.389518452180546,-38.701908036356315,-15.07668354861903,75.06943170310751,58.43416492280405,308.62572248043773,215.2181084284262,285.184779586367,233.3,119.52526525180966,False,False,False,False,False,True,,
44,1,28.435650780885865,18.645467450225425,72.7897862509599,-14.175875061220182,338.271052312222,333.62952939128166,436.22869677714624,157.78484432133766,0.0,55.17725851790126,False,False,False,False,False,True,,
44,2,47.58388800886861,64.12083015249817,3.8180511647299795,-48.45396977464263,65.08556303305558,304.3422500851868,184.89643732578665,368.48257162536237,0.0,120.78300399188431,False,False,False,False,False,True,,
44,3,-47.45217867228412,-31.7951459355713,76.34471624486966,-35.73998183131026,246.06364410767603,276.25866059079,265.29290654285467,208.6238203891117,0.0,123.85973083037572,False,False,False,False,False,True,,
44,4,43.54569455234896,-7.420898989327924,-33.939263901310724,-46.140348792551876,354.1037707863418,232.67048893478452,359.2255569847657,195.67820341998606,0.0,86.62052054582533,False,False,False,False,False,True,,
44,5,65.99105523132206,-26.754106218337284,46.51856912672059,64.85388044466984,74.10446539013361,352.0613238133695,507.6791576265321,376.4504732143902,0.0,93.65468987479265,False,False,False,False,False,True,,
44,6,35.890266428561375,-35.616942212276555,35.79268225023222,-11.0186058519906,117.17665479244457,250.87384855199284,303.2511323513521,431.8059570963872,0.05,24.5985277430247,False,False,False,False,False,True,,
44,7,56.244774581066565,-36.668902989057926,-46.96011130980935,-28.74145599666994,152.5497570544063,262.2325676110075,324.99367004808596,427.38691835149064,0.0,103.50890245561412,False,False,False,False,False,True,,
44,8,79.26170979366611,-42.60579790341231,41.348191476715016,-3.714019836622242,150.5400354817043,216.59731095617127,197.26374706330887,276.14639610008794,0.0,54.31395099204475,False,False,False,False,False,True,,
44,9,-36.167789570429,17.66887487431086,-44.00145711493623,-72.41746767429225,14.633043408513164,278.83459503241045,423.52832592691345,489.82489846622417,0.0,90.4262985031574,False,False,False,False,False,True,,
44,10,28.349722480465616,-71.63985430821597,32.18104751180307,7.519057899911559,346.24540763355895,82.72342819459259,181.123889685491,483.1561926937352,89.15,78.13764713956766,False,False,False,False,False,True,,
44,11,-12.369877071505044,-4.805074470234004,34.713180727966744,-50.73430539804336,162.3691353176496,288.8372468281752,387.63366737904664,511.2683861721173,294.0,3.0462918164791226,False,False,False,False,False,True,,
44,12,58.46090627207286,-36.24060870391085,47.32155920942827,21.78305168162815,43.59216768792651,94.90444445334528,451.5102607315827,488.3792686934194,300.0,27.512272923436733,False,False,False,False,False,True,,
44,13,-55.18032056596656,32.654933323634424,-27.85718394890207,-50.637827183663475,35.484824386619735,35.54269605087673,335.1846458694313,196.44499046752208,0.0,87.65978409465116,False,False,False,False,False,True,,
44,14,16.96028502115945,52.013252252508806,-12.398200740693568,19.147441792687104,301.0753552270269,296.66839068457966,275.4135507624876,376.2936404330884,0.0,44.069061521773435,False,False,False,False,False,True,,
44,15,-3.989831662702059,-60.8225273149216,-48.03688039452281,-66.50537649279057,80.00928284701818,344.83887537653686,512.7717368343579,479.3461981503265,0.0,44.412129838162436,False,False,False,False,False,True,,
44,16,55.43776906144802,67.11382805035569,-49.89457815831596,12.884681414350254,135.553223635584,69.31207897952908,204.7270336864567,497.3893218215606,300.0,83.14907307047659,False,False,False,False,False,True,,
44,17,22.133031747960175,33.31166434842706,62.564687460625294,-49.821879504148434,357.47416626542093,176.86685150562445,287.607258138455,524.9616965869425,0.0,92.4440636123033,False,False,False,False,False,True,,
44,18,-38.30226989842481,57.496557183685326,-54.06374103236686,16.079258759116072,223.33505340094462,119.69930463549619,394.41494861254523,526.0527411913436,85.25,40.82219364639453,False,False,False,False,False,True,,
44,19,-20.255312392113126,-60.919771354290205,-6.750634917806565,-63.617995514931174,236.95439227802092,266.2471099773952,164.1622962000841,482.33567092596326,142.20000000000002,0.4154260123438605,False,False,False,False,False,True,,
44,20,29.69089874125953,-8.649555331621897,-79.07394116607824,-51.410934306767416,163.89358473573665,292.52620980748054,168.25003940520205,428.81014335063475,0.0,116.86884072294392,False,False,False,False,False,True,,
44,21,-77.24287912324957,5.097709484228915,-34.5002267962102,44.71055693087878,55.63581733695696,306.01190956943805,453.0649650458,540.3171392862444,175.25,42.753019521261834,False,False,False,False,False,True,,
44,22,7.486540522949269,-44.722243559655084,38.84759182379699,5.7311676372098646,7.8189836696113835,65.11771418603445,245.87698092768684,426.51974020712305,0.0,59.40591081781627,False,False,False,False,False,True,,
44,23,62.90801585771936,-53.28974688438281,-7.796259646668489,20.983057982775378,302.4012600698864,315.47449085019963,337.362709903646,219.03918121107466,300.0,93.74486658121361,False,False,False,False,False,True,,
44,24,-48.71853460080905,22.58679301802647,0.5759488849062819,-70.19343682564849,342.8861790532401,237.62290392961373,474.81378401024625,299.6403129684411,0.0,105.06244406051391,False,False,False,False,False,True,,
44,25,-2.9653200326110323,-24.69159587231198,-49.27512156776304,66.68149531191838,312.8488065083157,202.50807576229036,286.58864475568237,266.72174290912733,300.0,66.12783545049378,False,False,False,False,False,True,,
44,26,-59.0446591076701,32.435820483021516,-72.85035965513279,16.827075361254614,270.6323829672244,1.9783173666788656,400.1477087208166,401.6624281226141,130.35,1.710114135378652,False,False,False,False,False,True,,
44,27,-66.03575560685235,35.915612411583666,-46.50049592294417,-8.764650997825811,95.98585029291611,38.72358699131672,464.96112963542987,419.396530912665,300.0,13.675866748258592,False,False,False,False,False,True,,
44,28,47.18839694894146,-7.936216415965333,-35.816805004993896,30.32763804928338,128.8655578932323,247.2975982614486,204.0871593634514,289.8365984130281,0.0,91.40014283332016,False,False,False,False,False,True,,
44,29,54.87637585825968,-38.1064460791375,-47.36175520490807,-18.142263655516224,142.595593161848,46.03519105439689,334.8031934070294,251.27952289892966,0.0,104.16911261565538,False,False,False,False,False,True,,
44,30,78.59141075702308,-9.371176977222973,-38.78275935357397,-71.87208580402063,291.3443232470677,160.54693991072227,243.45506476488367,242.1003724764696,300.0,127.76696441386507,False,False,False,False,False,True,,
44,31,35.06560872856875,10.478907749710729,-11.485227713801876,-59.7588298792034,34.461761835537516,131.95120609050826,190.9483734682,152.88487974998063,0.0,84.26339751465353,False,False,False,False,False,True,,
44,32,46.90636342311126,-52.95650479097249,45.18537525015461,-29.43010243209301,170.39027854007148,287.1129551869232,391.27140170856933,335.2180836628293,0.0,23.58926468212493,False,False,False,False,False,True,,
44,33,-34.930389353205214,-70.78557692759071,38.123858525668126,51.178690436355566,98.22783200594436,102.94010041264576,479.8338777911964,155.56739431639937,300.0,133.03192039381963,False,False,False,False,False,True,,
44,34,-73.62619663765157,54.7940615523969,-19.171172190340812,-20.192588182623666,121.05984958140286,101.20633795862763,423.38513533522826,197.99178140545197,300.0,72.33434613074182,False,False,False,False,False,True,,
44,35,59.632453203491565,78.98243540622678,48.596997491939334,-45.24789973643948,271.7080752343053,303.8964691493612,195.7277377719858,394.8289089446969,300.0,108.62698451971353,False,False,False,False,False,True,,
44,36,-58.09459703937689,24.13140388975637,-52.71485373627552,-62.54811585002463,129.60763101161032,115.49786464904042,390.25068308885386,359.70806410321757,300.0,79.19512563479843,False,False,False,False,False,True,,
44,37,48.41537679975238,-29.39739507841216,-68.99846561053828,35.15173609745695,110.57303608640595,167.1265678944167,204.02833140498865,205.28026090637007,0.0,133.98731553810654,False,False,False,False,False,True,,
44,38,-14.051443965778276,57.61719401487977,-66.17879799192914,-3.2492332614683193,41.913504547822086,114.76979491919862,488.8523260079219,489.14413950759877,0.0,80.13727601531411,False,False,False,False,False,True,,
44,39,-38.886731701068115,61.53168309090961,14.166545670601863,8.042003116999012,350.2439317439954,226.3333259382612,316.2949985879071,341.3282867862621,0.0,75.33787960638873,False,False,False,False,False,True,,
44,40,76.35816466263702,-7.364468042389021,-40.23688929645536,-1.9032271273220545,77.11658138434802,193.22981362060779,493.704001320805,170.34154124500418,0.0,116.72288447453681,False,False,False,False,False,True,,
44,41,-49.342958991662314,39.159064845627285,-50.65707482063889,-47.10708054673404,212.158757685651,178.09488464937866,162.57904887537973,200.05329383776092,0.0,86.27615395500654,False,False,False,False,False,True,,
44,42,43.37019584426683,-9.026971447695104,-37.1862379506438,-37.62835482584555,244.23366321304553,242.76591978530251,432.76509736963845,410.33581690121287,300.0,83.52172481189058,False,False,False,False,False,True,,
44,43,-3.3843127190018834,-14.859755327819528,-36.718845172149805,-44.35894542594433,326.7488108278725,13.300092921202813,423.41370445218934,240.55471639083697,224.20000000000002,40.06220993145131,False,False,False,False,False,True,,
44,44,-6.3082923187185145,71.26172291824986,73.38082387930106,-40.36572153276593,16.992664943539957,349.55526252071536,417.6737612484708,482.05948503061524,300.0,122.40907608362494,False,False,False,False,False,True,,
44,45,52.76948055305442,-8.325880742302317,16.58840691071434,-44.53200082389717,87.43011578199614,188.08362045376757,499.3131851784478,307.7983215343519,0.0,51.185478617233834,False,False,False,False,False,True,,
44,46,-30.477456077774434,-3.053566332555121,-61.59060128736945,4.426118209525342,256.576115336893,170.78156944518176,466.5160097946107,231.53466697633542,227.95000000000002,0.13769227619940963,False,False,False,False,False,True,,
44,47,38.08777474102095,51.9119807109044,35.50337225477077,40.689791494634704,300.44762744678394,17.13379835176019,335.75901016546607,381.07568180753475,58.150000000000006,8.981393369133018,False,False,False,False,False,True,,
44,48,-21.008595760345763,-9.816388972142931,70.12092633474265,-75.3753499694692,357.4018299596336,317.5934147007012,213.23681310608475,336.240766199765,300.0,96.2083217319257,False,False,False,False,False,True,,
44,49,51.6113767745139,-25.49170519485051,10.366395460059834,-18.34040313384918,331.78726102014866,143.6089974812061,329.83268204454646,323.0505115742769,155.15,31.061425331116965,False,False,False,False,False,True,,
44,50,4.680970429430118,68.37129699825306,15.198846233901975,-77.04648852428804,207.7281657618768,18.589040635788333,243.94612447614736,525.9554436330998,300.0,92.34681044979932,False,False,False,False,False,True,,
44,51,-78.4539070191536,77.34801890655089,-58.62236909697131,-36.13698396549614,132.41603497879248,296.9193254444026,515.0272547315021,458.6918225750685,300.0,81.42531846179442,False,False,False,False,False,True,,
44,52,-36.19123183058102,58.08802154484283,-8.801830516886739,-69.42490999824125,179.15738013543665,16.925044186553663,315.199346340746,368.2255376047922,300.0,80.37406855549617,False,False,False,False,False,True,,
44,53,-52.28596536966485,-71.11881678120012,64.9755058229216,26.158659716230076,151.0627325888473,271.90497211226767,286.1026813663573,455.48557425146413,300.0,137.30560154794784,False,False,False,False,False,True,,
44,54,14.318239598690653,-32.3145796378529,40.4723947087048,-15.550383182869865,227.50907747650757,211.60138735721713,360.40704467437564,462.4286879757248,296.45,28.423828553204807,False,False,False,False,False,True,,
44,55,-57.78313180949711,-73.37860992276768,-71.99133757806577,-5.646386225014169,55.49615753286477,263.4470048217122,292.7964859234328,324.4433081405923,57.550000000000004,68.54124595079726,False,False,False,False,False,True,,
44,56,-57.43848369748635,-8.037540919341666,57.51565184952477,17.748753571019492,11.24760573928775,212.3935147610601,463.8910187233489,388.8253542120914,279.40000000000003,98.2153606788047,False,False,False,False,False,True,,
44,57,-22.543290951525293,34.68558553872812,77.17089801540232,-5.102899159173333,21.485522866558796,293.1114037767964,409.7428376895073,412.1365981971663,300.0,80.41657824320572,False,False,False,False,False,True,,
44,58,-31.73492294170135,3.3284651587619294,20.4092423551309,64.33340185450234,109.51799278862954,53.38865894341663,186.59992858873437,168.22982455452916,0.0,80.25345024205913,False,False,False,False,False,True,,
44,59,-48.00126525717184,-12.993732510160385,-41.24229101965513,51.03922166158665,68.54439487692508,123.6896461969105,503.61698261666544,474.3625958494821,300.0,26.761200119843238,False,False,False,False,False,True,,
44,60,-25.281301386427955,34.404187125376495,-42.49554844362643,72.22305354862073,348.7447860868006,160.27061247386334,154.9115079454341,511.5541602520491,223.35000000000002,4.856060232177271,False,False,False,False,False,True,,
44,61,-77.91733066213001,-57.61104706782392,57.963293347811685,65.68379040633911,308.7302761382496,93.23208773313335,536.7277753519921,433.7121937675387,0.0,183.48068271377076,False,False,False,False,False,True,,
44,62,-34.676996401025676,-60.30233195907382,-51.464783337269715,-70.00007581912342,307.5532274023544,291.2375240521084,502.13017334874496,545.4427663908311,0.0,19.387522435624824,False,False,False,False,False,True,,
44,63,25.93056295054653,-74.69246197645066,-42.637776362127596,-56.04177638391331,210.10633142420946,171.88703676146372,522.9753980733091,306.92391640616756,300.0,53.107564399453146,False,False,False,False,False,True,,
44,64,-70.3289797150895,-76.18745387985923,49.69789313357265,21.636092726699573,68.67702880597564,326.3262934809524,373.55452090189146,393.17048641864403,300.0,135.1022402287011,False,False,False,False,False,True,,
44,65,67.29934028413277,-71.90545222230949,55.079739641623235,76.48082521655326,99.75007238663893,194.79554812320436,319.43641278747697,177.41155178359458,300.0,144.8910793694484,False,False,False,False,False,True,,
44,66,0.6960575998223106,63.291577323041196,-54.89830680796062,-45.71603783457771,196.82643258471828,16.060118899531997,248.38913921928776,331.05596652078555,300.0,75.43692627225676,False,False,False,False,False,True,,
44,67,42.769874294174585,-35.05583971247552,-54.06521101088966,-68.13784432072146,306.3454914186079,277.2996589922577,240.44602013893433,310.5985367333578,0.0,102.33011665653017,False,False,False,False,False,True,,
44,68,-12.185571038010679,44.841908655492176,-22.522860982292926,-45.24288649445591,333.10315813540905,185.8766022656136,349.64852853753155,452.048736264297,0.0,90.67596087497651,False,False,False,False,False,True,,
44,69,-6.937672202097659,32.61535093831789,-50.828478730093224,-30.31455327373658,170.7056169636898,228.39959726964068,425.3217055038883,182.61680412435845,268.15000000000003,71.82181908779776,False,False,False,False,False,True,,
44,70,-62.08045633950496,68.34339028828046,53.82204579048937,-60.68241111665362,103.22000032841856,68.0533606070482,389.5117718554144,262.5215632143424,300.0,154.29068783292604,False,False,False,False,False,True,,
44,71,9.597376919813001,-66.222706616986,-75.52128992501355,-45.96712700076863,173.88740874156474,239.54072965273883,463.4530689794294,285.87874587518434,0.0,87.49557675122495,False,False,False,False,False,True,,
44,72,-14.720575568569501,18.086533761605565,71.62181258687303,-79.2372731198102,118.15442289086955,261.37732052425287,513.8074611544091,501.2501269576771,300.0,83.7013448413352,False,False,False,False,False,True,,
44,73,-20.55783555522897,-75.03468670771582,-79.79419979348032,-55.08190238999495,9.4169513966215,5.477479656819133,219.5582938651474,318.16233823241845,0.0,62.50648326530833,False,False,False,False,False,True,,
44,74,8.073470831630729,61.400519063662244,-4.16090977432107,29.892970009432105,288.4443440444164,116.34257507380197,438.5828434614839,426.87755242528686,0.0,33.79949283962716,False,False,False,False,False,True,,
44,75,-64.53254074567795,49.563621462620716,-18.81409619414889,-45.01751806480151,56.365998511691885,336.5279283096696,262.57621380175874,460.24369784500493,300.0,72.55795427168842,False,False,False,False,False,True,,
44,76,51.821432879855024,69.61144558825691,17.265622162728235,-51.10840250185145,35.72974910953702,25.53375598656887,439.54694712463817,469.63963771631967,300.0,121.59040658968364,False,False,False,False,False,True,,
44,77,46.01729848193513,-59.85969470502685,-11.770632364529249,-74.59283128335238,116.09582138538356,152.07824931929946,285.9662993242607,496.0374538681586,0.0,59.63648434432854,False,False,False,False,False,True,,
44,78,78.4290245215017,-14.896323283557095,-24.43917529018036,57.973293201000104,11.548850439280631,284.94345968894197,186.03151985370002,239.7913102897096,0.0,126.06287137417819,False,False,False,False,False,True,,
44,79,59.70836922169465,-51.516845221572325,-9.537720230772067,-18.473660227982137,66.56980926263228,157.96157337347495,405.7134015378426,421.8526484847866,35.25,76.50650759396655,False,False,False,False,False,True,,
44,80,-78.9664356472976,-28.89703206434541,38.79063045760603,-32.009891988324085,280.3569689492474,121.03344512783578,441.8516478687293,230.75376147579468,0.0,117.79820250980468,False,False,False,False,False,True,,
44,81,74.6016133472798,0.5144657998206839,62.07927852517756,-54.659719720040144,274.2652386049678,145.59908759640786,299.5568246507502,444.85922042609974,0.0,56.577377256080496,False,False,False,False,False,True,,
44,82,7.364626510172613,68.90747474682524,-67.53933753838233,-78.19737525444614,66.02461276607572,257.2739991086649,330.6210612017427,436.65122545417336,0.0,165.077075101553,False,False,False,False,False,True,,
44,83,72.66257447380579,-0.9753035266370489,33.426238088508015,-60.23259728022868,291.2223736876379,73.03946770301263,532.484551728096,509.0906982956926,133.6,60.96107289762636,False,False,False,False,False,True,,
44,84,42.480201414326245,-42.23406530725569,62.49372040582014,31.311984612781828,220.4846168826965,43.06052303056222,451.6107580600009,487.930884196572,0.0,76.22048544363606,False,False,False,False,False,True,,
44,85,14.127643135831477,-41.54957910709916,-61.597592281592775,36.583735090999426,33.54980056159738,253.63598213634887,419.7331743074701,151.32952610427495,25.55,108.73921855103781,False,False,False,False,False,True,,
44,86,0.9498441017040449,4.537141278793229,-0.7833307970814474,-47.711281483294655,47.05996493167666,232.7837684003711,430.24187853773606,318.38997538382,0.0,52.27716113519979,False,False,False,False,False,True,,
44,87,-74.08327989412672,57.45200507313112,-47.44549725788435,-48.94183262465164,172.6980949331036,338.8202595791716,256.17370077865047,276.7644899241946,300.0,65.59340485610683,False,False,False,False,False,True,,
44,88,-7.795329317844448,29.25517157845536,57.509869018537614,-63.25152408826163,253.79540098691203,349.03812849918404,443.7453737472964,273.8002504228332,145.6,111.09087707023662,False,False,False,False,False,True,,
44,89,-59.87759539635847,-55.35221613746003,-46.76811043196331,-26.92403170080251,333.38358448881434,12.682567825127705,450.10639343770816,231.74373861713173,64.60000000000001,30.81380161708984,False,False,False,False,False,True,,
44,90,-30.58764757516741,-26.264456281207593,-61.47277964614538,7.070265927195379,330.95915127563154,330.302893486506,383.91320533959964,438.78824150006756,0.0,45.443317305772766,False,False,False,False,False,True,,
44,91,16.508420627995065,-24.668850260027554,-44.65142029809192,72.34991034331944,25.89959598292046,127.71202168147008,164.4763040026843,281.86717255248175,300.0,85.46099894965658,False,False,False,False,False,True,,
44,92,14.956527828582892,-77.6964280224798,-75.38086026156243,-50.40030227008218,355.44601898191326,34.976983546574026,212.33774615523572,518.8735070199214,300.0,78.40582308892284,False,False,False,False,False,True,,
44,93,59.21614488415594,2.960479621487636,-24.90860301174056,-17.014912487547264,30.14459859211835,161.0149940697893,258.41757660309815,181.47582216402077,0.0,86.46380455692332,False,False,False,False,False,True,,
44,94,-57.66529463801463,47.931225531083925,59.52461271472538,-21.52909668298058,276.2673116873684,314.47040353364685,485.45847806852004,175.97788760410086,0.0,136.22852398607807,False,False,False,False,False,True,,
44,95,-36.09360602703692,33.41027940215484,-25.17367168749297,9.63410384357816,326.64916476693077,1.3319391328355046,532.1151223790823,358.8975801614833,0.0,26.16393491377416,False,False,False,False,False,True,,
44,96,73.50235614117179,9.275533079052053,8.283562086379064,41.031457741146866,261.059522841631,74.56558694880232,466.4586787579809,284.3513926336337,276.85,44.019491460284335,False,False,False,False,False,True,,
44,97,39.46281271687775,-50.35542741135971,33.328125015552786,1.19685144063736,66.04352279651737,199.72179588826387,190.88026624503254,305.2449298190411,293.15000000000003,36.0880086588443,False,False,False,False,False,True,,
44,98,25.66821245587944,-41.009164544485216,63.351188368181624,37.81885492288478,22.62671664570876,176.25539026936195,461.87480954694206,187.57585599536296,300.0,36.585127763707064,False,False,False,False,False,True,,
44,99,-44.84496478946664,-28.753529302067378,-22.293854674248337,-77.24137796972728,142.52446945684477,183.32780675771627,280.57411349061107,253.4231935505058,276.45,51.492211329362085,False,False,False,False,False,True,,
44,100,-56.9602218563114,43.99364902731472,38.45310427576837,56.929042059606786,81.20997476686807,200.01332867666326,414.73357454094696,338.32489532236957,300.0,54.93944911120592,False,False,False,False,False,True,,
44,101,11.212508623763796,-14.853043747128979,-66.82894619293491,57.29638208106738,237.38998691921262,104.35911032554401,191.59023794449993,448.19713464730586,300.0,76.92897470538445,False,False,False,False,False,True,,
44,102,-15.286966795666359,-30.446454883675926,12.751785911050547,-12.592851280250827,220.1616427820163,351.96502061018793,219.84859658004447,539.2019440826,0.0,33.24037928448859,False,False,False,False,False,True,,
44,103,28.27685755207547,-33.45592557800211,65.66345871834781,30.122975128830745,35.104513471962704,351.33784964660424,505.8216754192883,480.4562071511991,257.15000000000003,68.90397093093182,False,False,False,False,False,True,,
44,104,51.70507159972405,-21.78570349580609,-58.404695524055924,29.58864036892281,239.478149503748,72.4669889609419,351.7311697192973,352.7475081645301,300.0,94.1917807574673,False,False,False,False,False,True,,
44,105,41.75413592092916,-5.9979515000757715,44.5264274975804,-4.572011836913163,276.832213247552,5.191882485176689,539.4251289218195,215.42358704183417,0.0,3.117515759214654,True,True,False,False,False,True,,
44,106,-60.246898715206854,28.730556143550018,-0.7248649255913477,-18.708766299496027,213.81665004512425,8.984210281703753,316.7527756166321,547.2986468268349,113.60000000000001,71.28634004282702,False,False,False,False,False,True,,
44,107,34.34360697953272,-8.11049050252393,1.1720196352214884,79.1678545876184,315.05647135593216,137.8711549211863,429.933166751823,404.26858703204465,300.0,39.76545332801545,False,False,False,False,False,True,,
44,108,-58.5319309593615,66.46581084176401,-51.49230627022778,-37.4958241175875,83.78222234976144,260.9096490795388,171.3752924849226,169.37377091199178,0.0,104.19970181908066,False,False,False,False,False,True,,
44,109,-32.690544854114556,11.364262509600337,-17.209505236023105,-75.60522904149289,37.7214715305267,44.25563216286473,170.6445968221429,268.043533141807,300.0,85.20779277829996,False,False,False,False,False,True,,
44,110,-74.23190605165546,-67.45099232720555,-13.524428384973135,11.369347110223714,346.1865916379712,215.16798203769906,426.87570602851054,468.8013439276148,300.0,48.302368993547205,False,False,False,False,False,True,,
44,111,-59.12194151897374,-10.237750798893828,-28.36425580308061,-38.863927433874764,34.05044334467162,220.55259591408296,330.4195412433428,302.5177438011578,0.0,42.017772660325356,False,False,False,False,False,True,,
44,112,72.40265056808352,0.9729683823133115,-6.524588350321935,65.39925820213685,338.949817925118,67.82863821694501,245.47991450090205,331.3659043806532,300.0,72.28676898619106,False,False,False,False,False,True,,
44,113,-21.651839171202383,-75.9396115144003,53.940195378651765,34.658481571820246,177.8692961416137,212.28013007147388,231.4076317695982,376.30004138536543,300.0,118.58119761011213,False,False,False,False,False,True,,
44,114,-38.81032607139849,67.54889911184367,-45.24636655938066,-25.0047981842785,257.13319720516137,90.83557999272767,498.9293766679501,261.48004747211223,93.0,90.70167900281156,False,False,False,False,False,True,,
44,115,53.00392306380536,71.55059121064238,-51.18926448399394,-2.8689862860230875,50.76495295878611,45.19022472157651,175.40672410574004,443.56304352249884,300.0,106.26562609353326,False,False,False,False,False,True,,
44,116,-35.92338970554826,-18.545636720240694,-12.966515469110902,6.856720220812917,137.4000150401598,307.9901515412327,407.948475697344,216.59465235912847,0.0,34.23883486435098,False,False,False,False,False,True,,
44,117,-46.74808944961926,-15.98683809339262,-3.8994104545446646,-6.548795459343239,288.33396709760893,138.7892732426503,468.8446423408081,175.99628803908107,0.0,43.875801307612385,False,False,False,False,False,True,,
44,118,-68.4712028461991,59.75897563448825,-9.856855067214823,-70.83458569960685,42.79206825298854,61.0062860740372,378.14509080882954,379.7687101679017,0.0,143.144402710961,False,False,False,False,False,True,,
44,119,-18.549310184071324,-61.52886528048336,-77.22503650562248,65.16435258298313,157.6708827974905,208.49334042622843,428.00450286615853,320.974783654397,0.0,139.62095942931117,False,False,False,False,False,True,,
44,120,-29.34012804808448,8.008572944259313,50.30205315957227,72.38681815620563,123.44688879947903,180.69386451712163,365.01499355965433,425.19390634241677,300.0,70.62321259746369,False,False,False,False,False,True,,
44,121,45.47718954504154,-33.395398956928716,39.782409160628944,-13.280296902738144,56.113000469203854,157.84572893514735,448.6896430235666,362.91811318626014,94.25,12.784781285122051,False,False,False,False,False,True,,
44,122,-5.1799710711845535,-76.30874625074327,53.67920024808993,1.9008523942675168,111.49132077343504,295.06919942222436,301.4138767719422,468.9150970625928,105.25,95.25989676498942,False,False,False,False,False,True,,
44,123,-75.87487853107302,63.04755590666602,-23.921712459632793,33.975684463180826,92.34024644501885,94.21141548598231,285.0702460337213,235.76124954938706,300.0,56.20286794588535,False,False,False,False,False,True,,
44,124,-74.56089052417853,-19.659998870206806,-77.63976003690273,-60.95459187096688,258.02174679012666,232.31427133073308,286.3922840748163,181.10477155480567,0.0,41.40921212212091,False,False,False,False,False,True,,
44,125,55.35391588739904,26.874084534866256,-77.60365384213327,-47.31370850752347,261.6526036547767,73.23323461405198,249.80785033853925,194.05347832413065,300.0,117.50539923157991,False,False,False,False,False,True,,
44,126,-16.384285963914174,28.29147890725639,49.17915610019159,22.095915106877555,51.88434850664632,310.93121199804466,243.0704784057837,541.0399652550841,300.0,18.966959868671967,False,False,False,False,False,True,,
44,127,55.680292856693114,-72.35758814840024,29.151589415937735,-78.3506669412042,106.26395604636878,217.2569971857113,479.2667028586368,287.4884932140997,0.0,27.197225955312113,False,False,False,False,False,True,,
44,128,40.90870212806473,-33.217563167352125,64.20850345463225,-50.73548466815352,69.54564290192226,49.80387481372811,448.34891779915387,547.1221943438345,300.0,23.14769523798381,False,False,False,False,False,True,,
44,129,-12.883029014858693,26.309749726097152,54.04655279461872,77.91126799444476,64.50061054073869,299.9538840494658,166.25127866348444,351.4168164315888,300.0,66.89673793536426,False,False,False,False,False,True,,
44,130,44.52929904555657,35.19014520255115,-41.99663768372977,14.454473214392905,36.140138291443726,49.97339761587847,277.42001698117497,151.52926458422726,0.0,88.97587212093487,False,False,False,False,False,True,,
44,131,72.72184672186458,50.82256013711603,-30.06387168141393,64.31737569372342,194.8887920874045,27.273570787136208,308.5241846092151,296.53911742181185,144.6,100.81256526368713,False,False,False,False,False,True,,
44,132,26.9647421754825,62.78263698513766,12.400266360323457,10.721412245895323,34.33164612348844,5.519414372891864,279.1339092762681,158.0050701370968,0.0,54.060106151581415,False,False,False,False,False,True,,
44,133,-19.423918788679742,-33.07332897482645,-5.557072991970699,-52.365883708812646,121.48952279794531,16.46773972746069,162.95226883799737,428.93296208842213,143.25,13.18403752854845,False,False,False,False,False,True,,
44,134,-36.860333810367116,-52.20922024794522,-25.800118633351104,65.21984756750092,70.56497349680598,143.80829632992035,270.38271867353546,224.9927961469239,300.0,94.80435003939884,False,False,False,False,False,True,,
44,135,49.595791982565316,-37.91459660072455,-20.358421131884263,46.028019370191885,261.4786428841261,45.90968441269544,442.5317898274513,548.8239608115227,83.25,107.06474361779824,False,False,False,False,False,True,,
44,136,-38.662513799681975,-62.77269946652172,-55.96648482630304,-49.41638944572354,311.5040518965866,205.10959387211273,176.3746844028906,173.54653482872786,214.20000000000002,14.137375187381933,False,False,False,False,False,True,,
44,137,43.007538392772034,67.07679232818072,39.03640570671462,-55.99128906208941,227.9033388828449,310.6028945396592,504.6943622889847,436.9675887154345,300.0,71.17570543307504,False,False,False,False,False,True,,
44,138,9.668742048863933,-72.06762933493889,73.68019997670126,72.15074817371797,198.41238195137356,135.7083584318367,303.03900746209945,256.34166423564835,0.0,157.78595361209042,False,False,False,False,False,True,,
44,139,33.883953833105366,-20.20942002664647,-58.84319870993535,-24.99918239551814,225.43906797837818,283.31226026490054,313.0375898154208,334.1063859823836,0.0,92.85077620725959,False,False,False,False,False,True,,
44,140,14.50486070060704,-40.45755392756875,17.197753403275016,-39.393547941943424,237.40641618624113,292.2554971145007,285.01704524380114,515.7205224133452,5.4,2.8251882290554216,True,True,False,False,False,True,,
44,141,77.06310962070708,18.669884177843272,-69.72114734107242,-7.758257997486879,147.6724286531178,187.99524466866956,231.72715625607964,500.8614740615999,0.0,149.14444270793726,False,False,False,False,False,True,,
44,142,-59.395988146567134,6.224909503247588,49.387304822708245,-45.35679266340171,105.8231454322623,246.8366508003013,320.92807640218757,406.7423100580883,300.0,77.54277465629282,False,False,False,False,False,True,,
44,143,-25.019320567841334,68.74987289571817,70.01205590902958,-46.0759649594288,211.91392616867503,245.12088266033078,191.24896002980677,309.8094298274061,300.0,137.78699924958548,False,False,False,False,False,True,,
44,144,68.23190163745045,24.445761586310354,10.141194081553394,51.279441933893395,115.58090839407983,271.62629062415493,245.6524731496548,337.1654383103714,0.0,63.98887954434754,False,False,False,False,False,True,,
44,145,69.33354979669755,-46.26463672879453,42.979547843170565,-39.25121324322504,249.703728761716,164.33375339292496,279.8896894448591,190.33556691528074,300.0,0.2574050346232751,False,False,False,False,False,True,,
44,146,21.531479996130088,-8.461758045178613,-79.93077591262679,-61.23632636049791,99.21093170197516,157.42184018784505,201.66547379686386,318.5497315841874,0.0,114.36671034423598,False,False,False,False,False,True,,
44,147,-18.96317716008607,46.661105517824296,49.76288851868472,-3.8676106334733475,188.48848182489107,56.80621399321288,230.4279304379576,388.17502815941646,0.0,85.30195343355933,False,False,False,False,False,True,,
44,148,22.334681860842437,-7.626002857453699,-58.12941092671988,-11.356310407795718,269.186460680013,272.3560256305437,247.34453423728996,347.0901669163221,0.0,80.55051472551605,False,False,False,False,False,True,,
44,149,-51.533384527181866,-59.497843322466636,-18.3885464454505,35.829095286057736,212.8262047619247,110.472216293771,502.816546215894,514.2702295705141,0.0,100.92475175068584,False,False,False,False,False,True,,
44,150,6.497549252172519,14.220359533392738,0.008329107477578646,8.095201633271671,147.27626960549907,78.25795297415243,448.9227630457157,356.2135061141149,58.0,4.911376203384015,False,False,True,True,False,True,58,4.9
44,151,78.90459408960805,0.32294509300450613,-67.72514404925201,0.19566870795615898,301.10502032138567,348.811057690276,309.7030414873113,454.565745462175,300.0,133.9950185795676,False,False,False,False,False,True,,
44,152,73.73363535979047,64.05638758093073,61.927742652573244,32.02046720435695,287.6807776290417,210.71316535505213,401.3426882892181,391.0235024335856,0.0,34.14204588170575,False,False,False,False,False,True,,
44,153,49.65973666446166,65.23919090820411,-47.77321605324104,75.1356446781889,326.1887036216986,79.2531720546812,402.2977702460239,259.5378981440266,300.0,59.19034939441548,False,False,False,False,False,True,,
44,154,-73.4235533554755,59.99033044345185,-13.3948111868919,22.33852343547342,213.1672387836245,302.0100437551933,162.9760456048836,209.86118679118516,300.0,55.31101274452904,False,False,False,False,False,True,,
44,155,-56.13387256178045,0.4644261139685568,5.626392583876267,4.281932760475939,276.9874766908125,304.70203077033216,369.7223330039206,489.25670639399283,82.95,61.63829234308845,False,False,False,False,False,True,,
44,156,59.10030387184352,-74.32020091888742,30.14055646614493,43.6938188078654,306.8678463257665,97.79979311407966,396.58220735394445,360.238391888511,300.0,97.96970555058776,False,False,False,False,False,True,,
44,157,5.252274795198687,78.72554298550074,43.540746694939386,74.64620140086171,131.20167996784033,59.414952701350636,266.1730203180054,516.6872389037844,0.0,38.50516988900839,False,False,False,False,False,True,,
44,158,46.63761126539633,54.999808724739154,-50.90429030680758,-6.114844017669839,245.38356617148986,328.3844161354226,208.61449687705993,167.24313933264403,300.0,98.45361181532839,False,False,False,False,False,True,,
44,159,17.342472948510903,25.282301772221587,-31.901331151568044,-31.606520215183608,30.466390183890944,305.5037904233222,395.2508437658453,522.621426667678,0.0,75.24154643122128,False,False,False,False,False,True,,
44,160,28.05552024273689,-39.16678648558143,-56.36708018382006,17.488353066002702,264.16876025627585,136.4551053230232,431.76981128141705,405.7142484383415,300.0,43.861837934917084,False,False,False,False,False,True,,
44,161,-76.32976698625012,79.14303751098404,75.54354598573408,-15.24089312279122,111.51267085565144,220.81390615141973,159.89612752014608,346.42378527713436,300.0,164.14745736519777,False,False,False,False,False,True,,
44,162,7.774680457331158,55.675372115009424,50.278488402191954,14.55400010654158,51.765630314543394,104.26582529528775,284.21441836005556,186.78092096066797,0.0,59.14001120791587,False,False,False,False,False,True,,
44,163,-25.139301538274893,-57.759075817222794,-27.381889697727892,-58.88916511540135,164.40862908310757,242.93151789799134,433.48138024303836,522.5957458919378,0.0,2.511235447897407,True,True,False,False,False,True,,
44,164,44.01942729206405,-44.744545519857795,21.262196011408406,55.38009068727473,126.80279416850976,190.30429324158672,181.74953962596948,396.2824997296775,300.0,86.8787576601254,False,False,False,False,False,True,,
44,165,-55.65692859247985,52.576980554356,6.549100156109503,-29.156490880907228,132.4309355877575,27.632843945330386,166.32186844200922,206.22738283340465,300.0,82.82807283984947,False,False,False,False,False,True,,
44,166,-61.70977740948955,61.57557528370896,3.620885135109944,-30.38563489525322,103.07706319395629,15.921110624421848,392.5921946043625,458.06916216915823,300.0,64.96084392427538,False,False,False,False,False,True,,
44,167,78.41990570513948,1.9688478986865903,-67.32166278684582,-17.15844236152472,353.12961583327507,86.46647171195781,225.3894011729641,505.95522178404815,300.0,107.33944019611896,False,False,False,False,False,True,,
44,168,62.200202538528686,-22.536789399267256,73.66887123450297,33.68528796755491,219.47107792321256,239.8566930870586,174.8464690896545,519.6995728984657,300.0,48.683397180329926,False,False,False,False,False,True,,
44,169,-30.03975855194261,-10.016687855021303,5.235033030301821,-38.14725927285929,59.91031709243878,303.04622725846633,449.2764740011554,518.3362093778617,162.05,25.60837251258516,False,False,False,False,False,True,,
44,170,-36.0837313362444,74.54484088771477,43.15390146387139,42.47061810172423,260.8388904299979,31.793541749180925,487.4585179656214,236.44494200557364,0.0,85.4830873277945,False,False,False,False,False,True,,
44,171,-9.911562116852878,9.228674472003377,73.57109405745774,-79.79639874620912,35.54016188853587,187.064140496828,247.61096741022925,489.99734504509706,0.0,122.0443261418828,False,False,False,False,False,True,,
44,172,40.298548582785116,24.612380094925044,71.821948033013,56.920991760310415,226.1515674947296,35.36904916374749,205.44348948485668,382.6127792878661,0.0,45.139462786383525,False,False,False,False,False,True,,
44,173,-71.6853315791439,70.84021172681736,55.687069651917994,-32.6086435130386,321.6680138121926,223.1388666623223,362.0804205152872,387.09548534232573,0.0,164.08959213126008,False,False,False,False,False,True,,
44,174,76.4800943799601,1.923259194641787,-76.93974172777095,-4.8553912611633905,57.59329646448145,312.77989324763536,495.24453820494847,155.10742888658714,0.0,153.5695158985827,False,False,False,False,False,True,,
44,175,25.610890236204767,-35.86383600861495,73.40756975637322,-50.934553376320736,61.24323559600404,288.64263155799034,538.6152029931038,298.17357123428565,202.85000000000002,24.865831309743182,False,False,False,False,False,True,,
44,176,46.39833611276403,-66.76202440576321,-1.6898730964389443,42.33518791603039,227.86247445248887,225.95560584363312,490.6590801555427,170.9756053614578,0.0,119.22532281916702,False,False,False,False,False,True,,
44,177,-63.57637121362309,35.65371168165001,-25.851571836998005,-76.48876723574078,115.39799993254684,208.75397801245018,450.12878460400316,273.6617243754499,185.60000000000002,114.99152098509077,False,False,False,False,False,True,,
44,178,-42.15552232872513,64.90512518105899,-68.83513487163958,53.0568220392195,13.86604730193692,343.8030424687882,536.0154344453264,426.3831322262061,0.0,29.19219095547578,False,False,False,False,False,True,,
44,179,75.65792137642174,-56.74236204530678,-2.3762623368311893,61.44136902365676,328.05247794514673,22.950273562797246,510.30027083635537,479.0861082270215,300.0,125.40218249162423,False,False,False,False,False,True,,
44,180,17.956851772333692,-16.417497667079246,46.50816199284441,-45.14163971894849,282.7775029865729,34.4961117342999,169.2219036248456,425.2092940110031,0.0,40.50004508545395,False,False,False,False,False,True,,
44,181,45.87520968422764,74.53384031626643,-31.979253860243695,63.22641025968315,16.021489253339205,249.885917257595,459.86944839606514,303.97656030604514,0.0,78.6713128674102,False,False,False,False,False,True,,
44,182,-13.970336604004672,5.499362732145286,-68.4164613408451,61.42664826533331,51.41885091991653,276.83787879379776,485.98304751278255,396.3519416391114,0.0,78.05281395292761,False,False,False,False,False,True,,
44,183,79.16883235471016,25.28753729466331,66.57013873790316,41.1971725514082,307.1241363812616,151.08058849090747,403.933193863336,298.08038624352565,106.0,1.5408853006191954,False,False,True,True,False,True,106,1.5
44,184,32.566102783315415,-73.06181065188936,-35.99613971404654,70.6275362995369,276.37435395265805,147.52834868162927,201.73121732657137,364.43452310986606,300.0,121.51791793432035,False,False,False,False,False,True,,
44,185,69.61417494866527,23.894825035419075,-64.21577384744451,-13.573753350560054,108.44685171893084,52.96784229275702,522.4708909176052,458.0731718367891,0.0,138.9760754987549,False,False,False,False,False,True,,
44,186,55.570494689628475,1.7519784559321891,-26.534023246118785,38.01187824061441,331.4782717828494,259.00334231768716,295.9991125674784,307.5730684806713,0.0,89.75484498263388,False,False,False,False,False,True,,
44,187,42.16605087667027,70.99877822362862,76.75764029266242,-22.99913273064874,180.206861279114,22.109999527736896,254.11977075430494,513.1543719366801,300.0,60.657839029024075,False,False,False,False,False,True,,
44,188,-63.73108767164369,-5.684235536934224,-60.01314792394812,9.681530310700651,262.1968848631083,103.25189059768181,509.12723886556176,345.6000823802316,0.0,15.80916936628351,False,False,False,False,False,True,,
44,189,33.779944702309436,-29.790862456839747,8.89367098926057,-13.676043905212296,185.92346184571412,124.41950747008946,478.3964289646975,365.3581150156225,80.80000000000001,27.937665937343493,False,False,False,False,False,True,,
44,190,-61.710728421075096,-44.56631779805978,77.5475729265996,-77.08491904100958,262.6021762478877,74.52521143793973,375.99036617056595,362.3414634462349,0.0,143.004663983514,False,False,False,False,False,True,,
44,191,-28.417499336579475,-65.47667785339995,36.62606807470533,21.082084631911584,23.89478138939241,268.50439618306916,476.5594706731855,495.19482617682456,300.0,49.772240028187795,False,False,False,False,False,True,,
44,192,3.7139126630312234,22.60664964567883,42.51498705285624,78.83428807429675,147.7228763353666,357.7750416793726,240.42447929286763,352.0670542109526,0.0,68.31596224210068,False,False,False,False,False,True,,
44,193,-23.32323290905162,-9.377733984572842,-17.31293335853026,-61.8747533078751,261.8226290948741,247.671738836398,185.20903878850174,289.86824595195833,0.0,52.839953998070136,False,False,False,False,False,True,,
44,194,78.17027239222992,76.242814975308,79.14689131052799,2.6115390073534286,163.31001399248183,317.90116554452055,427.5003196779651,330.8245339711446,300.0,33.649608852297206,False,False,False,False,False,True,,
44,195,-19.24100757675633,54.16282777407031,-39.68448790337266,61.38455546335882,342.15649001497786,24.29033771690314,304.2122539943615,539.1161264573493,128.15,17.10935653506756,False,False,False,False,False,True,,
44,196,58.14344845357283,65.10077086218385,60.26946728502102,-43.86803533514225,41.14821948747226,265.9077852480731,529.9599803167928,275.1961769419855,0.0,108.98954390280788,False,False,False,False,False,True,,
44,197,-63.88430759682507,-17.43978006317596,-17.40633856024219,75.51717229698784,114.50095139545185,98.34041703750538,202.2696195396649,183.6027334002309,0.0,103.92880542879014,False,False,False,False,False,True,,
44,198,51.990443949681975,-43.99337131335214,-39.87478522260442,-77.78719635027318,266.82281519403654,15.79955982752756,325.34997332324747,416.6169067106592,300.0,55.35285300421904,False,False,False,False,False,True,,
44,199,-18.314113994647485,-3.484066783654143,-14.921409615474147,71.56908100586418,267.2972152390563,203.70131405826774,471.1633579238061,315.1340178394846,300.0,61.8193976030657,False,False,False,False,False,True,,
44,200,-79.98164796251218,52.51218193109722,-74.23267856147986,-79.99273041626302,218.2932301038466,359.98908090364796,511.02729779344907,423.16590962974146,300.0,71.4504975574006,False,False,False,False,False,True,,
44,201,-55.17610516977651,77.88552768026068,60.941880680261306,41.323247883489174,278.50691022417294,179.9176902804288,479.0532232862833,347.0993536643958,0.0,121.73819015332448,False,False,False,False,False,True,,
44,202,-72.48829434233839,-52.33243340803128,5.8286973616959585,23.57427956806913,138.61397069510534,108.95455100485529,462.1767741901022,475.54229208229464,0.0,109.06594456752244,False,False,False,False,False,True,,
44,203,5.812827226244508,-42.1625499350648,17.973640657929053,53.71990600985464,289.3339841569653,230.06124598344255,483.9037760832646,242.2233609764562,300.0,77.7625156776601,False,False,False,False,False,True,,
44,204,37.86757498679209,-68.49358654168414,55.245562400275304,-32.721025555832185,42.0047013671679,288.1351669189468,402.95215435901986,190.02857739810895,226.95000000000002,23.37764580838117,False,False,False,False,False,True,,
44,205,64.25198737934676,59.59699086205154,12.857646771110694,-3.58136171985997,54.6368150526637,50.54952151740196,361.3136221242755,217.96751983287007,0.0,81.4425102849839,False,False,False,False,False,True,,
44,206,-20.59912198445584,63.347961752039055,-54.83827763525248,-67.48875905855554,24.46372806772654,56.99517751991309,418.0147857595788,391.73597339657283,0.0,135.2426237994108,False,False,False,False,False,True,,
44,207,37.47765279316863,13.764724275674354,29.741199014007663,-14.746581607141508,249.25084321211193,20.050877239286468,283.4971573740994,159.19804533300055,209.85000000000002,17.69429892547819,False,False,False,False,False,True,,
44,208,61.45891947300913,-22.031045471582082,6.340989051163177,-37.75875650024204,192.8854540203596,298.49358817297224,546.3234739745251,268.86511567399293,32.7,56.99352609634956,False,False,False,False,False,True,,
44,209,71.85585317874964,21.464047147381194,18.28164622610484,61.85452902704557,281.2927508990703,211.4455095161988,391.40778616047686,345.5807923402243,300.0,37.8081404486091,False,False,False,False,False,True,,
44,210,44.187006901701196,72.21365722802577,39.41153124539467,-31.275958057124512,28.508169098575333,275.0966323592297,356.8589199708626,378.4695198731106,0.0,103.59973764258473,False,False,False,False,False,True,,
44,211,38.989829281395615,75.16759602639777,-26.436620669529546,40.19386317624429,164.83170224457675,351.98669828431457,326.6469829793924,512.7481710365931,94.95,70.81970199951031,False,False,False,False,False,True,,
44,212,3.2875411658950924,20.162307383030765,39.74995468479078,34.82011736848109,245.0916581996679,260.4735344573836,336.03579693334194,252.1320392592313,0.0,39.29833321137824,False,False,False,False,False,True,,
44,213,-33.59183012348282,60.58750805704909,26.39548922662084,-11.048030828864896,324.2149006052349,85.21601564252887,386.8505106500636,202.87178423886934,0.0,93.43515887655255,False,False,False,False,False,True,,
44,214,30.801139132326995,25.7833342974118,71.25489299732581,4.832004807243834,207.6168443317497,60.9296875928451,248.37283212332875,499.5765213969013,0.0,45.55726516347846,False,False,False,False,False,True,,
44,215,31.283427065891587,22.69645966600271,-78.37059433222228,-38.66337696823461,221.74104034562532,10.812698596013366,303.036961763489,532.8172528138025,300.0,84.5188472052152,False,False,False,False,False,True,,
44,216,-35.592100065360164,52.96179372403398,-38.38259256231831,16.183248068154526,328.6399979088508,296.21333921618407,253.54017838323074,165.56101303824923,0.0,36.88425502754786,False,False,False,False,False,True,,
44,217,-73.70214492526394,22.191223181728873,-62.243689783856624,-20.868072941917234,343.4548820032577,183.9270488482061,283.6864394064519,391.21635554478195,0.0,44.557818358751454,False,False,False,False,False,True,,
44,218,-60.610747157432726,-4.020288687156636,-21.84506130920043,42.91291100587901,31.026641501258176,146.70299216179288,470.030904825025,327.48583607181723,266.55,34.284569076315655,False,False,False,False,False,True,,
44,219,46.21596617352934,-53.253953631510726,37.294816765558465,2.3908566880220263,336.1653490377329,187.0700305159644,407.62965274071814,485.1287106053506,235.55,2.065705616912643,False,False,False,False,False,True,,
44,220,-2.959505307278789,52.73111480743066,10.864384640093888,-9.252390169207331,232.4158902932577,154.66595167600812,389.4210733492645,401.57580352003555,0.0,63.50633686858326,False,False,False,False,False,True,,
44,221,-52.499801786709384,-26.833487171857712,-38.86104206966293,-72.05705895517987,137.70065562161247,228.4001482555847,276.18037499877573,384.9493061278871,65.65,46.42912408834579,False,False,False,False,False,True,,
44,222,59.2478698343034,15.753472563045506,-41.49796351631443,-49.42251376798602,118.47799329541486,232.24211651038755,190.7058750050543,153.78536484964292,0.0,119.9901334766041,False,False,False,False,False,True,,
44,223,49.27238016647277,8.35363673756305,-28.795803973401576,-4.1262024221614695,349.2873411461315,27.636566274570228,269.7149117478037,414.74593459174565,300.0,57.99252951935594,False,False,False,False,False,True,,
44,224,-63.655143323345854,-60.59109714480735,-70.33215752350388,-7.228352828796133,97.6256266245522,280.77013103863965,517.5420630922663,178.08094791614695,0.0,53.77885271707736,False,False,False,False,False,True,,
44,225,8.897079870828833,-11.627802609300204,65.30987890453605,-3.4308428205490884,287.50267072692674,51.29510097700279,169.999264630781,208.1800221435231,0.0,57.005210679339136,False,False,False,False,False,True,,
44,226,-32.3445992328714,31.11520966251689,52.23180328126918,-14.126740701864492,290.97775321320734,269.7899661396186,416.46423785276664,506.87204350935167,300.0,94.49737470435838,False,False,False,False,False,True,,
44,227,8.34504837916083,42.60107227448991,45.6779829004484,71.58017700022322,328.3390011729683,75.35964406334351,356.65666730941336,401.7898533477635,0.0,47.26030586735303,False,False,False,False,False,True,,
44,228,63.25342399296463,-15.449523223830312,8.307027199943505,49.245412787373965,116.50727889840397,35.62049290243105,214.08974738136752,527.5211754674037,0.0,84.87956919088326,False,False,False,False,False,True,,
44,229,-76.6018819224166,74.40558756069035,-13.989768279894463,-55.065751591032864,296.43524664372194,196.5665885077169,332.14325788470876,383.3373901039474,0.0,143.81621757133178,False,False,False,False,False,True,,
44,230,69.36618613591904,37.073157147606466,59.40641014813775,-1.5794101688469908,74.14082429934952,82.54943675222353,513.8291264199056,372.3808562634654,0.0,39.9151362001904,False,False,False,False,False,True,,
44,231,49.16366075925487,79.76393845405426,-77.7142607861208,-24.506806319563097,39.70380828586195,225.29546946715385,546.7067344507816,200.930822282867,0.0,164.22665798012014,False,False,False,False,False,True,,
44,232,-35.12655085094618,-39.72858373243801,34.47714152838317,53.032296636207064,17.094755494199035,32.535629947589285,489.4874866255641,474.1317784186904,0.0,115.9709227332541,False,False,False,False,False,True,,
44,233,24.3176564820417,68.04751170257387,-47.95740530070283,54.05706795395088,123.88200839948773,210.39563500433854,437.482139334157,153.08386643909668,0.0,73.6166901726974,False,False,False,False,False,True,,
44,234,-41.73079653751009,-36.196436318520675,13.711761499047014,12.530846886900079,195.03523389054223,4.867700276227076,375.729868585301,466.9555210092113,0.0,73.8120950130687,False,False,False,False,False,True,,
44,235,13.61842788071776,34.6835039458977,78.8720770599887,71.94859434778391,252.58909944564286,73.701481935402,423.99714364047765,380.6068482184039,0.0,75.1446983750159,False,False,False,False,False,True,,
44,236,39.55986070921804,-27.884601051594302,-14.638771036922535,74.91635169157476,119.90674043280154,239.09475809748048,221.66092374180016,494.73123124988,0.0,116.2132848174297,False,False,False,False,False,True,,
44,237,-70.41524080677662,53.15372742919368,55.20688877596368,28.68179252119353,274.86498604242934,322.7893117826262,517.8073741588682,185.51490351563046,0.0,127.98357331721986,False,False,False,False,False,True,,
44,238,-74.66964525835357,-65.00198578232457,-29.539710208184445,-52.37038996541283,135.4141555201236,318.03311441124055,365.8845282054218,381.6870918606357,104.65,41.5267899769348,False,False,False,False,False,True,,
44,239,-61.52413326869477,24.984046733673026,7.502697621614459,5.737777256298585,207.62135977941296,85.18749004659267,352.1905324013591,465.2618202226044,0.0,71.65976745395608,False,False,False,False,False,True,,
44,240,26.575605940939482,18.724736029539386,-60.70106554682786,-17.318614307056173,337.8256434879087,111.62369040137204,532.7229647175272,459.0561909949441,133.6,88.14217309594012,False,False,False,False,False,True,,
44,241,47.75028840810609,1.6337075529319947,39.52137765381721,-35.37379122772187,173.8616607327912,92.82414536619328,543.865700938714,211.45735912851,246.8,2.3548275605998166,False,False,False,False,False,True,,
44,242,65.30167513716444,9.754655193448826,38.43664170104624,-54.702880389203266,355.712076193142,284.1644457666332,363.4579549270509,252.72316443457305,0.0,69.83196914674976,False,False,False,False,False,True,,
44,243,30.561611006267555,46.22867820222427,37.75384509788722,13.431183667559566,189.97055633503,231.47514208409874,428.1024534096843,465.5692432395943,227.15,26.89381971061071,False,False,False,False,False,True,,
44,244,-72.80577624992435,-22.427191419722732,49.995858817994616,0.10571222204282549,111.64713769203583,262.91490996161974,372.38840801481524,478.7684525267609,300.0,61.64427033717893,False,False,False,False,False,True,,
44,245,-7.5917731106411,56.92892685645356,-22.723784714951698,69.28456983379269,150.34006124054025,60.18655932354321,481.20744224555585,517.7034291254092,0.0,19.535600543020436,False,False,False,False,False,True,,
44,246,69.94500601089408,-34.98421596066933,27.536523599567175,-23.498621879759796,152.48683376065557,195.17712497143322,528.3118617725139,260.2714619107003,0.0,43.9362976572133,False,False,False,False,False,True,,
44,247,-51.95350444417279,32.6829312629869,-11.604275590373504,48.41925754249627,325.6522386652844,26.99433549896755,385.56892326284344,535.03321493586,0.0,43.30926267984074,False,False,False,False,False,True,,
44,248,-67.19607707220108,-35.90889906106021,-10.89366075638867,-41.6759144077097,355.7441899451537,267.9067200845592,248.0563878018121,329.7787525275428,300.0,40.8959682778575,False,False,False,False,False,True,,
44,249,-15.968745812940938,-47.470568001075044,-35.029279473940065,55.891508763414265,170.44653002299881,79.38596505520464,303.73393383440924,278.97951419918695,0.0,105.10481842670326,False,False,False,False,False,True,,
44,250,16.048009549627096,78.02512535142651,-8.330233326937005,3.267317793393346,331.8158634069288,45.53512513417961,413.24163594641544,388.74027478962864,72.2,78.03740154990817,False,False,False,False,False,True,,
44,251,-15.228114629307584,79.04855787695769,-15.208768024346568,-65.80864158652118,318.80074467158096,11.55288625349717,428.33344879976016,264.12718573557606,0.0,144.85720075541025,False,False,False,False,False,True,,
44,252,-31.222549855929813,-67.68430666148544,10.650844963170968,-9.148037161349748,294.04024450390403,228.2924121437077,259.79966066114866,452.63206658275175,300.0,41.56318581613254,False,False,False,False,False,True,,
44,253,-15.790571899552418,-15.365637505242233,22.111008641296507,25.510327588064698,324.51370543904403,66.77152902581122,380.2413206768881,292.91311027113994,0.0,55.74382772831181,False,False,False,False,False,True,,
44,254,-25.502625032678132,-4.032938424022404,-9.427612157235444,11.727940203354791,70.28401215677404,277.11930999273414,281.34108462394863,320.34376840035407,107.55000000000001,14.174357995518188,False,False,False,False,False,True,,
44,255,-71.61599851807381,3.4763736088522847,61.11072734668329,75.33978305724648,125.72929263722351,140.42057418323856,390.7469460155809,353.4894954759823,300.0,142.43668818509954,False,False,False,False,False,True,,
44,256,-53.18049042403197,27.383369084425183,37.36322219538491,-67.41761378645471,169.33328294570845,266.81785293312345,444.91869140170877,435.513989944986,300.0,76.78968393194195,False,False,False,False,False,True,,
44,257,-36.383294550727285,9.674446211265305,-47.75807497257523,-3.109978750949111,188.3613268031476,45.85186835598306,432.06262662868386,198.13832084471062,95.15,6.3365282797928675,False,False,False,False,False,True,,
44,258,65.68336709379994,-62.772558491625894,19.058572097211965,66.70042279049196,325.4260136467871,276.2495703790901,184.12693063446972,169.05990940931045,300.0,129.2593222811825,False,False,False,False,False,True,,
44,259,73.39757064516067,58.23543760600987,26.561182450851646,-30.39556753176452,202.02173931877996,203.8102214123352,517.0286948030656,513.9962237817076,300.0,100.11810053491764,False,False,False,False,False,True,,
44,260,10.64309015285177,-71.69582861170822,-7.401799875802311,12.709215489568805,277.19844834842525,122.48610228141074,505.1504046133613,358.0839052624435,182.75,74.95787738038814,False,False,False,False,False,True,,
44,261,-27.33802008860046,-15.18548397595714,-37.85984932965526,-70.90541357366745,333.069671268351,104.85195954866421,183.77073409199375,521.2825446448064,0.0,56.70466863452875,False,False,False,False,False,True,,
44,262,-36.0606852319367,9.059721040559126,-30.59691977852033,7.530455614261754,20.179131576463426,2.7028828759112944,541.6084326830239,404.72839581832363,69.95,4.180179317274541,False,False,True,True,False,True,70,4.2
44,263,70.37062626797416,74.356253099555,-1.242333488082295,23.52025682685263,17.01110971210701,210.10910657088712,231.9041245983725,181.6722209694519,0.0,87.82206170468085,False,False,False,False,False,True,,
44,264,77.31857504015915,24.227336808310355,-69.05918343724748,-17.62858024804126,356.67414031449186,306.79077865581297,311.4022268777622,513.4474103177417,0.0,152.2444283693107,False,False,False,False,False,True,,
44,265,-22.188451873079416,59.844750857767536,-37.144026227750615,-10.875495487491236,0.8286578675085776,170.4007325300446,530.7883144784184,391.98131989021095,0.0,72.28431674583489,False,False,False,False,False,True,,
44,266,33.985420039168105,21.975644789795126,-24.60253968312729,1.597243195736965,19.951929804151,357.0087638612796,235.2797246283279,522.1330058687392,0.0,62.03086551024433,False,False,False,False,False,True,,
44,267,-49.01717353184907,-44.21804844140331,37.93688470830165,79.39433648763958,203.66525161330418,213.74804250632386,304.31727210003726,382.97629031795884,300.0,144.1446024399409,False,False,False,False,False,True,,
44,268,-7.051780281549824,9.955796711721646,21.75625163764292,-61.62022569794537,20.80117162797429,325.3466406882538,467.98746314533946,373.53729150336903,35.65,77.05403086063167,False,False,False,False,False,True,,
44,269,-66.7241963133644,-58.834987706757204,-41.45693354579046,71.16843544139294,263.3514244071543,4.3462673350348435,243.3772413192609,246.21462624017676,0.0,132.43611515746983,False,False,False,False,False,True,,
44,270,51.872134933687335,-66.59224116832185,5.719047323200712,-72.63428873607307,27.09034551801765,104.71714597180073,309.05835669747364,270.8689204594501,95.2,45.5368443321271,False,False,False,False,False,True,,
44,271,46.3828180735772,9.372751189007587,-66.1281480473539,30.939545835442033,265.52804186272175,92.33667628662478,197.47650201634755,493.7911825621615,300.0,58.92472194379835,False,False,False,False,False,True,,
44,272,54.779914461486555,16.229188625700957,-51.606705115083145,-44.02364368165392,59.36490583811833,332.9390899905523,535.7922594926924,466.57654240345204,0.0,122.26412648846754,False,False,False,False,False,True,,
44,273,-39.560103604165135,31.208047291912834,27.519061448656686,33.23890512994083,56.00260833794671,53.365910206646575,167.50538668471165,447.28252922128127,0.0,67.10990066854511,False,False,False,False,False,True,,
44,274,-49.96127765875347,-5.308755330580908,36.45557199402623,-2.9476180122634474,29.641402438536794,39.33672771165692,473.45396970993363,352.5483924994289,232.3,85.98088512024945,False,False,False,False,False,True,,
44,275,51.329088798079084,49.830696088748226,22.71241810864217,-62.14981043980188,4.555493182260095,70.20616980426227,175.81468996295843,546.5319534911359,221.65,111.39754624064891,False,False,False,False,False,True,,
44,276,-55.17800029384274,3.7032507177219287,-32.99111353949993,-14.994097345873058,351.40365996659165,55.34593976244433,422.7821956370801,342.0635283704581,0.0,29.01463024857032,False,False,False,False,False,True,,
44,277,-8.268185193572805,12.274859112846599,-30.18086238649127,-58.96585900858818,163.24641256006095,240.51492246530233,447.2863210016434,360.4085669799134,113.65,72.78241236151734,False,False,False,False,False,True,,
44,278,31.464879961060973,47.510474205522186,41.23322716201329,-41.32699858442257,174.74196885900147,176.00089127821454,527.1992904928638,201.1669180409832,300.0,62.197347394216074,False,False,False,False,False,True,,
44,279,69.11394886183405,-68.6573923429085,72.51291480583706,21.527374862391895,22.29704038277919,23.393492610988016,526.7998167221401,220.73556793713755,300.0,66.71597449029152,False,False,False,False,False,True,,
44,280,-49.954058724493805,-1.173485337870801,8.67920068138956,-41.79822088338328,268.38638259418474,149.41507503690704,543.2405105491001,243.55421173117577,0.0,71.33181791248865,False,False,False,False,False,True,,
44,281,-16.285454113416037,-65.1350810635512,37.12093179706545,64.88418287415544,178.15401022715443,127.93309633048786,403.6766262404456,347.7967856601133,0.0,140.5604889395391,False,False,False,False,False,True,,
44,282,-65.67236526790673,77.71650975735878,-33.95176668422284,48.113788026885345,267.32361187294134,136.06281246445644,416.5335301127564,177.978310836275,0.0,43.38798806535113,False,False,False,False,False,True,,
44,283,-75.15422210240777,20.34604059128121,-35.06198622273409,47.33207853227671,218.06013683661547,37.561064558186345,189.231979327683,481.7036344724917,0.0,48.328393534073136,False,False,False,False,False,True,,
44,284,-44.61494036364749,-44.251980266300315,-68.1106551788419,67.32713899200735,283.9985935349053,59.36845948595061,181.79922561805304,235.55372630573567,10.15,114.02085668100021,False,False,False,False,False,True,,
44,285,13.803250149106603,-32.972117924489424,-53.11690567085453,-19.11878166800109,304.88784905778687,100.89096553765008,200.0064014725569,329.8624759019367,300.0,26.269595764698916,False,False,False,False,False,True,,
44,286,6.692079043954337,62.62849983500419,44.85998166197464,-37.29383730909991,338.8293863096389,162.78919690044603,436.79828441414577,488.269986077536,0.0,106.96383618120045,False,False,False,False,False,True,,
44,287,-14.00650959260588,36.53452437955647,-23.27166280718469,66.43146168702194,139.9874703756475,284.71317219777893,443.1834244937588,347.24121512832005,0.0,31.29967930276827,False,False,False,False,False,True,,
44,288,13.221795463681786,-6.540684823861341,12.066686705306012,-57.23366727454181,346.2061191516078,72.58264814170654,368.5586926336497,237.70217125346534,0.0,50.70614110725322,False,False,False,False,False,True,,
44,289,1.0104585018200254,-8.844301616518933,24.685779187874203,77.59379695955684,45.18364979578374,333.2571026119726,408.6044796748895,512.8677069779103,0.0,89.62179252299575,False,False,False,False,False,True,,
44,290,-17.312717822628905,-36.283836542111096,31.021049288999464,-59.96178629423176,278.5842964688779,93.833487136644,489.79271361982524,348.921894244492,0.0,53.82191326648542,False,False,False,False,False,True,,
44,291,35.16886102138736,-0.7206929089040273,10.753546654497654,73.3251663538727,284.4219475163011,225.65663627385945,325.93928852429576,502.78429404380535,300.0,47.24212038768436,False,False,False,False,False,True,,
44,292,44.656002631024165,51.14700519885477,-3.387915871175963,-61.688330432316235,94.35763481788167,60.25243983953032,389.74296285116463,212.52309007455636,300.0,120.62464293241122,False,False,False,False,False,True,,
44,293,-77.87255021229203,7.057936817669415,26.431066030287113,-79.90584668957084,182.05833953103965,320.7700890679456,528.4536144985002,500.4610944663973,300.0,80.21958036850177,False,False,False,False,False,True,,
44,294,72.00795864856133,-40.39021222590964,-37.31043886532241,19.812529088860927,33.28987986035879,74.26765973176467,411.0795662813198,280.286638647293,300.0,112.23194931021881,False,False,False,False,False,True,,
44,295,68.17421370597273,31.710232077554565,-43.61486123073682,-26.13762710300739,200.4350450104894,310.65558471093163,370.3287432038986,534.527410642097,60.1,125.24869432123576,False,False,False,False,False,True,,
44,296,50.36286057370984,-68.1030368649043,74.82070723138068,56.75423015531496,103.49445232797154,27.72640289464475,382.9393437542018,236.11517644462876,0.0,127.23019842352079,False,False,False,False,False,True,,
44,297,-72.51318946804714,-5.8731660977285856,33.63415789578872,-72.82011416900201,71.04168329588545,321.12825669565655,539.362259142855,215.9535276102497,300.0,85.44817198758933,False,False,False,False,False,True,,
44,298,-39.86316656233663,-57.86314252168765,-34.08853614712578,-22.5317181294718,284.0089601208555,196.75913888816441,462.6192397193483,223.0538684196695,131.65,30.696427501447353,False,False,False,False,False,True,,
44,299,75.72386859719617,11.30109707725454,-73.79766229207453,-50.753884271661406,51.112248307612624,127.07035000375159,253.0836466776815,160.82867154153004,0.0,161.88733400017878,False,False,False,False,False,True,,
44,300,-65.80534837735448,13.878717151427566,-63.51833047560119,-40.33407476465989,239.02919689103157,23.77096172104073,511.4939866738807,546.5370943331204,141.20000000000002,37.15298427848473,False,False,False,False,False,True,,
44,301,6.94695240994929,52.725885323012534,41.109808569835465,-60.205547320769135,216.6936567933354,246.83351541122926,370.6079759165563,347.5229287250405,300.0,102.89737595201517,False,False,False,False,False,True,,
44,302,-64.68785089556641,-50.99767373595489,53.57107880054045,4.740752388904426,130.86195779179903,105.73051945486394,369.5513385438985,443.21988511453736,0.0,130.73617173431822,False,False,False,False,False,True,,
44,303,-69.74730463472709,43.02922343792733,31.943702949944935,-65.19592030838625,199.0302806143619,45.53404275801683,410.2629068427545,442.8840587161543,155.55,144.10331323899817,False,False,False,False,False,True,,
44,304,-60.370432506960924,18.598311221365833,-51.47221344749221,27.855142933624222,348.78643947364526,70.27004059425991,328.39029268574245,350.4946424048983,0.0,12.840063698415397,False,False,False,False,False,True,,
44,305,-47.382323320528656,62.692642369558655,-65.36728067761588,-77.81169591056974,314.3827613987339,186.9241980905648,172.82247622975197,244.1330440350593,0.0,141.65072455399937,False,False,False,False,False,True,,
44,306,-74.040072977611,7.431068295874951,21.821422147079744,-52.45369909292659,190.0939242897327,55.52105772961531,318.4129791246787,339.81656260819693,0.0,113.02925113771204,False,False,False,False,False,True,,
44,307,67.45410407119775,-59.93454460618992,-50.281320424771906,-71.46256271810323,84.92991176134666,272.1544578381794,297.0416744387368,277.2049810088422,0.0,118.29845891994863,False,False,False,False,False,True,,
44,308,30.425196688712077,32.64061693366148,46.19160941752176,2.8852004997152676,311.71012854995394,213.0469457111135,418.47499367676596,545.4300413471583,0.0,33.674390528897895,False,False,False,False,False,True,,
44,309,-76.4424411278859,24.882333880363348,5.567684126152017,-55.17940534601884,49.69242110246818,103.01817113851455,549.7080086533699,270.3014172149412,0.0,114.61039539298436,False,False,False,False,False,True,,
44,310,-1.7080094219620037,57.273050945143154,-63.49730695358037,-78.902683979396,31.62727423608488,209.23369992946397,373.758568496524,434.11186046081684,0.0,149.53845014473438,False,False,False,False,False,True,,
44,311,-27.999114995740783,68.93610956091354,22.21090988297611,16.183820024324902,115.21324023403325,216.39670837397662,303.8965188900679,260.8243961097793,300.0,61.17872201642091,False,False,False,False,False,True,,
44,312,62.94148152180091,75.4312142515239,21.8418718777786,-71.82820249241273,87.90577805935297,48.236565615258804,494.82376719660886,309.1012101850531,300.0,145.95198965315956,False,False,False,False,False,True,,
44,313,-46.095043898223324,-7.082738494785104,10.029806018559526,-34.473057199946204,298.4192646036939,196.9198159982252,225.00171177450034,530.0383529750575,0.0,62.451808115952076,False,False,False,False,False,True,,
44,314,32.801417244245414,64.76315613784055,-13.808177771738542,15.176182446217837,159.22681591510528,5.872780938477504,285.03964235655695,297.15227171727196,275.7,52.43267037517767,False,False,False,False,False,True,,
44,315,-6.572313149412452,8.463433929063882,66.36358743271961,39.918838705262544,313.76461499227474,120.58752148237079,364.6704311021415,342.6687410715033,0.0,79.42976824441297,False,False,False,False,False,True,,
44,316,-3.5165776028771063,21.451662717400822,-30.031543551612323,-47.42269096489794,52.49353313368269,12.488368962241957,388.008500715104,375.26731780841055,155.70000000000002,72.93117730419736,False,False,False,False,False,True,,
44,317,21.467628641666764,18.900892446442555,31.67589940782659,19.030708059238123,66.59030224656541,43.75826092140446,405.52389416032736,381.8783208895701,157.75,7.52019106681282,False,False,False,False,False,True,,
44,318,29.742841203115248,-40.13908347125877,-40.75043628651437,55.44300042741955,22.206220638798225,180.97234865815886,419.74876360750056,340.9605068802066,300.0,91.09936585795758,False,False,False,False,False,True,,
44,319,54.835914475836546,52.84407695732344,-15.098463118679405,56.815686735570296,143.24154292676633,242.91764792337258,429.6237780680443,339.92005640871406,0.0,70.04706170684821,False,False,False,False,False,True,,
44,320,32.274434736640885,60.40813991463634,33.725772909883375,77.67342479726386,37.06010317309473,274.87924684721935,461.7138983173732,364.35422393893515,46.300000000000004,14.603099342497602,False,False,False,False,False,True,,
44,321,-33.10706616191568,41.31570680138171,-12.98343796320583,-58.40183821209312,63.8689511529888,136.04229559145102,197.05573215379215,537.5226070517269,0.0,101.72781918135416,False,False,False,False,False,True,,
44,322,-1.0602954577525736,75.18002198306579,35.80283315776812,30.09140028016455,175.91144656379774,351.99226649893404,175.27969696731,323.29030831894113,300.0,32.29786380347082,False,False,False,False,False,True,,
44,323,17.158270443062577,-64.36081442361912,52.94355918950072,-57.86171451530764,324.37228882195257,283.7244018060037,252.2220495746744,491.8105521023645,300.0,8.259924694753018,False,False,False,False,False,True,,
44,324,42.377449614619835,-8.985747354808353,-65.56826832424788,-27.960745967747243,206.4442153548833,21.681215746294498,309.8852503291382,312.5555753497848,300.0,91.33454400628253,False,False,False,False,False,True,,
44,325,27.783342036879688,-73.84147101463982,70.56707947305199,40.32537344462219,124.97866063247918,53.89632489036042,441.66243276626756,174.3571053959752,0.0,121.92012369905412,False,False,False,False,False,True,,
44,326,20.06597314305114,-36.4231562161336,-14.180333188474563,-36.45643925937833,26.155698582397452,336.4588155001113,261.5494132464031,261.63317007903987,0.0,34.24632250495905,False,False,False,False,False,True,,
44,327,-62.87530854133138,64.48852011989419,-27.298784984220262,6.456060112131382,46.53932822687777,6.455752641928543,315.9974975975081,309.328341952376,300.0,54.11402974464421,False,False,False,False,False,True,,
44,328,76.77170276372749,-28.643448529425214,52.48590420806363,34.139760545870274,218.7558829579084,12.416942379941048,281.3156076876036,157.66261308094656,0.0,67.31664989643016,False,False,False,False,False,True,,
44,329,31.57764010388101,-1.9754257157559039,13.902285380026058,65.71698617416396,63.769741690401716,29.687958137681036,398.34928262467486,432.2575267815091,0.0,69.96199534096112,False,False,False,False,False,True,,
44,330,73.70122934462864,56.76936891578387,-72.06499687101788,40.966843340581676,102.06548027189612,52.44270605498659,328.6525855763815,332.75125930462934,0.0,146.62030050339536,False,False,False,False,False,True,,
44,331,56.38713665018534,54.06363570558486,-19.31235931113156,-52.36828975669874,30.904509033738982,77.52790219695989,501.95046959105724,409.96984973979573,0.0,130.60692342447442,False,False,False,False,False,True,,
44,332,31.20477516866343,-75.15249137701704,-63.91037839963104,-70.31576197421526,305.0914289687713,279.2617166352602,240.50163021457047,161.11312246678034,300.0,92.07850755010413,False,False,False,False,False,True,,
44,333,54.27594493682085,45.42875614329509,-9.663285603275753,49.61569958914896,206.79562050951654,20.453585820082264,426.6458941171974,414.87928580909823,93.55000000000001,60.24152120307174,False,False,False,False,False,True,,
44,334,-24.43398110567395,30.056159477459516,-52.47022331539732,-59.4038818348635,106.28228357688377,317.6880070597007,399.3735854308783,458.3102627747456,110.55000000000001,90.2565831559326,False,False,False,False,False,True,,
44,335,60.52776368027364,75.81530444512009,67.61945958533826,-32.269806504657446,6.55478540730984,62.286799665024176,259.0361597821314,408.6372810402189,0.0,108.31751178750199,False,False,False,False,False,True,,
44,336,-60.50754736233769,-43.52058711414698,42.40169506504452,-48.33097580893083,114.15651812209309,185.06781491014235,217.19481471569526,403.4396930090822,300.0,88.96077378535195,False,False,False,False,False,True,,
44,337,55.66765811780198,2.219988819235283,17.09309067187901,38.785636980343426,239.81565024965877,30.006087304904877,492.72983344868413,213.40537807150713,36.15,52.70213039091319,False,False,False,False,False,True,,
44,338,31.09105482452877,72.67096722518124,-7.924693620061092,-54.72142231201025,356.41537402955197,326.47675694199256,234.44772974600102,227.10152221256226,0.0,133.23306473502385,False,False,False,False,False,True,,
44,339,-71.82695204917547,75.86285817515002,-38.00825356940784,30.214087379013506,5.58629992033727,344.09677205547166,298.628661493177,307.87077453937627,300.0,51.82733320715027,False,False,False,False,False,True,,
44,340,39.261145578787605,66.384441994822,49.878292446047055,-63.10662394218699,33.857115906413966,282.2400245009994,400.06708058923465,450.70768024470567,0.0,129.9255939570944,False,False,False,False,False,True,,
44,341,-62.23312621317392,-43.34846920711014,55.89535438818203,74.22988694975427,320.46097159680505,274.8562234860021,235.10260493889524,186.27729845647414,300.0,155.00542758458616,False,False,False,False,False,True,,
44,342,-38.74921360849992,-22.412095290240472,-13.864940040126356,-22.859069347100274,66.54272179136676,274.8998788929891,344.02244062834785,460.92799102388955,113.55000000000001,3.5525392635239688,False,False,True,True,False,True,114,3.6
44,343,27.51804489245933,5.409958857507547,-13.404732618277947,68.11451248258004,146.8005531533774,216.0400391167663,437.63257689836394,221.34623437290105,0.0,74.87679723728104,False,False,False,False,False,True,,
44,344,-61.989848094669675,-21.21903325792701,75.34635437322231,-6.855199602960511,6.547555706052699,189.62612648483048,258.7136748205047,439.0835769805158,177.9,133.71371505577883,False,False,False,False,False,True,,
44,345,38.70093832328139,36.65430896082134,45.89681826632402,60.133852107984126,132.5878367174063,296.8327774353644,313.2129327920728,515.5942471019052,0.0,24.55747614381743,False,False,False,False,False,True,,
44,346,77.41738951256079,-13.660830434795457,56.194672460165066,59.05283999458109,299.49465626741414,330.07121097339626,187.16957988772197,532.528821501234,0.0,75.74748567707074,False,False,False,False,False,True,,
44,347,-30.008735470032555,-53.63365163540237,-30.91758663640624,-1.8512903846819881,34.04077944913482,208.2500400068407,265.8703664425539,438.78236352140016,226.0,27.014021393418982,False,False,False,False,False,True,,
44,348,22.13291256241496,-72.96868030798514,62.019909803765984,32.46351645697891,19.769779590508442,218.42603522253003,389.39156348746087,201.32234433937106,300.0,64.45944803831608,False,False,False,False,False,True,,
44,349,30.450430757129524,-4.8578673155647465,-11.883837913397898,-50.92540944663071,40.26283230778703,171.33167555461768,447.17529722787725,493.68606410559585,0.0,62.56523588915763,False,False,False,False,False,True,,
44,350,-4.1988578037463355,-13.325808552295655,-47.64148446222723,12.070105068957645,195.43673874357137,326.9218986491678,213.1824350768582,445.34136939374724,0.0,50.32111127197326,False,False,False,False,False,True,,
44,351,66.63128473654098,32.55473141705046,9.195811829148425,-35.161866171439314,358.5442561215897,33.133773863253474,333.2220154603606,344.5624393499418,300.0,82.37936326400838,False,False,False,False,False,True,,
44,352,-51.25019078687455,20.396938800114256,16.48132419389775,-61.439296117727636,124.01045247981152,89.80534251259908,316.54977038429297,362.43188009188475,300.0,101.35275120469532,False,False,False,False,False,True,,
44,353,76.61423148581491,-2.908354374522929,79.47783159293519,48.350904149843984,312.5578850883862,296.7132475655125,416.23784541245004,533.4738850440253,300.0,49.10119501069428,False,False,False,False,False,True,,
44,354,-17.0144541043947,-15.50993027313649,57.341758459408595,-74.44012353268903,147.57861799692745,303.60468500639155,295.00454515899816,154.59979362997177,300.0,59.23463536257847,False,False,False,False,False,True,,
44,355,-4.308247478145887,31.540072207446883,10.071547392289602,70.59047803544217,14.947478778324626,158.86963457261996,396.0141258374522,188.77116041166295,256.35,11.974415573000506,False,False,False,False,False,True,,
44,356,43.272639044354776,0.9823475644343489,-6.381365620929515,-49.10384860227612,328.33825927691385,244.65033453235748,226.42731923471325,398.4338640471344,0.0,70.52763448287683,False,False,False,False,False,True,,
44,357,60.74704063915027,19.191180197065037,-44.49450538297383,66.54567203256366,136.1241468542743,57.320843592946154,395.17905024222523,482.0925043594174,0.0,115.40463988126808,False,False,False,False,False,True,,
44,358,-47.31664553788384,-77.3639326779911,56.582625424996706,-55.171448336727934,200.67096450218628,0.7991630933302796,217.85264731357637,288.4468384530072,0.0,106.24295208556323,False,False,False,False,False,True,,
44,359,73.84999507710145,-11.86753821783411,50.51515237050347,51.89304268322155,214.72146267549496,340.26204832913777,529.2849810461132,165.9097743587155,0.0,67.89643997281252,False,False,False,False,False,True,,
44,360,-2.8761600536061565,32.99153097258505,23.009877919664802,-19.58223434965582,60.61380387694042,316.4977121160067,207.28123972922646,401.49159974682794,300.0,38.750780653920806,False,False,False,False,False,True,,
44,361,-57.892789445822146,41.86242343196534,79.70856369679493,52.435567356566054,49.4031573273923,324.7073016857291,213.38483236559637,537.8275875035555,300.0,104.4528846278273,False,False,False,False,False,True,,
44,362,-67.7518454614497,-34.247913007461754,-78.57672434246622,-13.839180046965097,252.68655422308123,214.45848529953,485.58735144426464,532.4480878112468,247.3,0.3708928421776137,False,False,False,False,False,True,,
44,363,-6.050217241299549,-32.50564616327669,-23.685391458484197,18.689401283277476,100.62253537665141,115.70289415805962,379.7773950816611,487.3129546220246,300.0,41.24650482022307,False,False,False,False,False,True,,
44,364,-37.2872912125376,41.72712025222336,-52.50151820600871,-45.54875437501914,292.57714250766156,59.40550749476478,529.8979497904393,453.5299899432664,73.3,86.76019940643384,False,False,False,False,False,True,,
44,365,-6.59217886759798,39.08560746706344,-16.119956508851452,-19.663191900156264,19.554931328537336,83.17037725275769,536.4061405103391,429.40200939436585,0.0,59.51638407926849,False,False,False,False,False,True,,
44,366,-58.40820774010277,7.333288515532175,-35.91536268368584,-41.54400098376758,107.30041239808362,75.34576326450548,368.6753085971414,355.15238123079996,300.0,38.92592652825476,False,False,False,False,False,True,,
44,367,51.425773484208946,50.40064979298518,-35.38796837853294,-1.234061140148981,252.5379237025905,257.49861426896274,494.62058234815885,271.3131420868779,300.0,82.40065766508765,False,False,False,False,False,True,,
44,368,69.87654042552072,-18.888276472558033,5.141749504677961,-70.26189648307681,255.69395110315742,233.43606217690586,186.75639165918594,514.2544012526979,0.0,82.64285806136185,False,False,False,False,False,True,,
44,369,19.30115196520765,35.12845760024439,76.73622273903007,54.96063745738081,277.499989531578,2.854646889853276,326.6582173746025,332.6131603059275,0.0,60.76267532523398,False,False,False,False,False,True,,
44,370,-78.2063153974766,-49.62122842290068,25.273587983977436,-73.07528257114197,268.8978291387251,161.16371366966794,230.8895481176613,340.52423964454044,0.0,106.1045854797223,False,False,False,False,False,True,,
44,371,26.256539602548543,69.65358512451243,38.95404210308108,-1.3369322725949644,205.40202024747018,74.23909152703045,347.2772343400947,268.84835299900453,253.95000000000002,60.24405535868872,False,False,False,False,False,True,,
44,372,-39.29256512790577,-56.72088597368546,46.207416437444635,71.23273771933776,139.29097099183116,260.6282669819294,522.9809953875531,467.6438543072185,133.25,150.53134485032476,False,False,False,False,False,True,,
44,373,5.257545020259045,37.64877554116693,-41.99586820027265,-24.1439286485855,299.4289813481092,321.1968042798385,187.26455861596162,447.32439620354796,300.0,69.88851767442314,False,False,False,False,False,True,,
44,374,48.08913768085213,-56.6434458165906,60.493173812648735,45.545431048199276,239.31790351644705,248.3396300406713,544.0785291327272,363.73400127473917,0.0,102.93894630918903,False,False,False,False,False,True,,
44,375,13.03093293025674,-77.21026888239521,43.39878487130528,51.68343853048313,74.56986360619082,276.3301322255992,368.7749054960166,338.7447935479299,215.15,125.74387440313025,False,False,False,False,False,True,,
44,376,-15.09404175209555,-75.24584328179644,-0.7067583391359449,24.186547108694384,332.3183587527165,128.84032470926996,358.51763987851416,274.9124329000481,300.0,74.57261125652252,False,False,False,False,False,True,,
44,377,-22.624409146164624,-14.737824194995696,23.126616617632607,34.43105608811122,58.773706854276014,170.80884041410528,334.3557873227546,340.4619379725764,300.0,27.29572710561885,False,False,False,False,False,True,,
44,378,-56.77436968083615,29.587142528436274,29.779126623484714,72.83116898777001,353.71515039182657,85.78466835502448,215.94513513632637,199.8038320412879,0.0,96.75512155393969,False,False,False,False,False,True,,
44,379,-17.3982367861815,78.95710306147674,-36.4431578539444,24.083173921385537,220.31231810890432,31.53373477861941,157.04450145788033,403.1103496943091,300.0,17.70154006210489,False,False,False,False,False,True,,
44,380,-36.723104893940416,-78.46139632185188,-62.431253685283025,-23.762655548729583,221.38941964745607,7.598521176805968,337.60426010930655,176.21840624375812,0.0,60.4389043286114,False,False,False,False,False,True,,
44,381,38.04323102294033,-55.1575638947085,68.84541042343182,37.03632015654577,342.4420284065212,129.01590344393418,445.4214809084812,442.29628764542156,249.5,77.30730128484225,False,False,False,False,False,True,,
44,382,1.866771771935717,-36.46450514328915,-25.106682005422115,5.20719498497499,258.2395478273526,274.34304009628113,349.1179296674137,224.64504149612264,0.0,49.639679695373026,False,False,False,False,False,True,,
44,383,41.03836353618462,-54.78620848312669,20.051010031912213,76.87335297297605,265.861547766634,272.7798527298755,517.1118157508042,495.7833899054741,0.0,133.32182540727004,False,False,False,False,False,True,,
44,384,13.290096392805495,33.593704809970205,48.3760934664154,-25.472186443865255,287.96831803701764,134.94772505518034,311.10193205402607,283.61462667114756,0.0,68.70084934161498,False,False,False,False,False,True,,
44,385,-19.753172913037425,-52.62228744856756,75.69756988745593,44.48706411014135,238.66079792234197,313.2611813507824,412.48245964701437,535.3170755606651,0.0,136.16559940498502,False,False,False,False,False,True,,
44,386,76.20716919726152,-51.34151911208684,-21.52614400945515,60.21198405501761,14.901083688574687,317.14965475586524,291.0705745454879,385.9025410170136,0.0,148.31043314350936,False,False,False,False,False,True,,
44,387,9.320809333841822,39.00551244347068,-74.03512892976643,-27.992627883224017,312.10640639710005,72.2377954841972,426.1208514190224,475.3501532589393,300.0,81.05164925026324,False,False,False,False,False,True,,
44,388,-33.195306937340376,74.12057707913124,-64.16911871687667,-30.862869666664977,239.63152371678052,213.86127578466898,211.24299566693722,481.76383464068215,0.0,109.45730266538442,False,False,False,False,False,True,,
44,389,46.59095264860662,13.026852680653676,4.637293787204285,23.2137366378183,48.547942010585075,174.05566832232958,517.2158922220062,341.5631233817794,0.0,43.17270082605049,False,False,False,False,False,True,,
44,390,35.97193722896941,-10.307046968869855,-75.62943476804182,-7.780515750242472,258.88623763366684,123.36767173523624,315.1457980662876,440.3022655864203,300.0,56.60654790251404,False,False,False,False,False,True,,
44,391,-59.703134524897905,45.762965259705936,33.31660005483087,49.98382826415855,32.556052963540246,109.30245519308922,434.8635389994689,268.03079713659633,2.75,93.11480210670125,False,False,False,False,False,True,,
44,392,-76.59745221966828,-28.97727052346749,14.282824317886039,12.152663301640104,350.83854444607243,181.78900995907912,440.39495750881355,487.0016082346763,139.0,93.1659425021079,False,False,False,False,False,True,,
44,393,-28.02486335480083,2.382744420028729,-70.71990118260558,35.095826334281256,266.04269860249116,197.46140818281023,392.2158372981191,437.72611345801204,300.0,21.03448362154717,False,False,False,False,False,True,,
44,394,68.91177323993253,-11.517859271062306,74.04332947043903,5.01595772097788,157.3930772821187,153.15426790435768,407.8545786690535,519.8236999293557,274.15000000000003,14.841497672042784,False,False,False,False,False,True,,
44,395,65.35909551831571,30.786722502736822,-60.126069033594014,45.53145396697414,266.4606939863895,288.2209234304346,354.64811450363163,376.92478360147925,0.0,126.34846112467032,False,False,False,False,False,True,,
44,396,44.309053460006496,22.209657053180777,46.20344484443169,-75.698765452626,169.59481596283618,243.0623898914616,421.2286926903733,421.39534636252745,300.0,86.97897356098616,False,False,False,False,False,True,,
44,397,60.16799005050291,-20.15343574317663,72.73233193456909,54.50605433101228,217.9917359331422,201.13395278709964,403.2012923250128,499.95447704208897,300.0,64.89103119749319,False,False,False,False,False,True,,
44,398,-5.177839326886669,-31.17297178642842,25.30654349723669,77.41710172405726,160.77939623153924,177.1485098836062,473.7401543361141,279.17321143554716,0.0,112.78786132018104,False,False,False,False,False,True,,
44,399,-22.593235382766608,-15.321085797429092,-13.71238189516076,-41.06723939307411,150.68465322264365,314.9895407925453,382.2994523495964,360.245699843994,126.85000000000001,8.36945950739855,False,False,False,False,False,True,,
44,400,-39.40733995688292,0.4140680787330666,-70.8794254010509,-10.16092789196341,122.14721960356107,344.64111167527375,453.0376561650822,157.85086621049933,0.0,33.20124548846408,False,False,False,False,False,True,,
44,401,41.76050705900572,47.39837781209489,72.99344156200738,0.02569482011688251,288.06141577779164,71.54323348884017,380.31806475468085,217.83679353106146,0.0,56.74211215250305,False,False,False,False,False,True,,
44,402,-19.198350240756525,-37.63686644955216,55.751209892051406,-44.936834232638475,323.0280803141336,253.5232804909612,254.58786486877688,301.8800676920721,285.90000000000003,70.89828331788904,False,False,False,False,False,True,,
44,403,23.19545611541278,-1.7513281054665697,-21.77629742462816,-78.67542132744632,281.2799452044489,236.72093353586592,294.62105501613956,499.65111815586386,0.0,89.10541360933136,False,False,False,False,False,True,,
44,404,33.89146201644499,-8.30881771945593,-13.882994297176992,-65.49430827095306,273.8765085884377,41.087704164213086,205.194996714662,302.8128017601023,300.0,41.783789660267146,False,False,False,False,False,True,,
44,405,46.464286918306016,78.79454321599997,63.693401014344005,25.450185047394953,339.9101276903419,298.3431461163656,334.54594853,263.4587169929161,0.0,56.0576749513812,False,False,False,False,False,True,,
44,406,11.707829465036411,4.366101747942039,-73.06997761356713,-61.48500030069986,43.6881106954825,196.38013284331893,480.0299324790922,231.70861475235145,0.0,107.34823805762986,False,False,False,False,False,True,,
44,407,71.83745130627719,34.90587585216461,-66.20058385474445,-5.141730816244717,191.48630635889504,108.15453821924336,491.66166751576753,157.93435053512405,300.0,117.44118269355776,False,False,False,False,False,True,,
44,408,-15.402720894867969,41.44770175848684,-39.902187924341774,-60.5893529655218,188.0694882792266,22.489915857615234,480.54482936478587,363.2199583609847,300.0,35.18736309513882,False,False,False,False,False,True,,
44,409,52.95662671499099,-21.425055086677048,-36.12752800355152,79.1980661879328,314.68657457860513,191.19430335093725,457.39125354977324,503.63531819668924,300.0,77.3595973012401,False,False,False,False,False,True,,
44,410,18.482186266443392,-52.153110444002806,-64.89745726813864,38.90511115401034,80.22880050345081,317.9058860253772,249.47369795756106,378.3474977874958,0.0,123.46564168442504,False,False,False,False,False,True,,
44,411,36.35458184198136,-5.920165702007125,-11.012287744536039,40.412994779241856,335.9276904677694,118.62902825068498,482.8942688355429,190.7430712364652,300.0,17.115426652808292,False,False,False,False,False,True,,
44,412,-39.963251469157,-77.95307639013757,38.03099716321178,-33.16906295211588,215.56274207141988,37.922042048577936,381.56384944349503,208.27691960693846,0.0,89.9372596833185,False,False,False,False,False,True,,
44,413,4.90459350909984,75.53133995942952,31.371381068407928,-40.746626805587155,237.60789100318368,161.66278264061725,257.14730052233875,380.78977119549756,0.0,119.25207083617403,False,False,False,False,False,True,,
44,414,-0.851993864084605,-56.792474491397016,-6.695136544972371,34.810111460790765,270.7084531851678,297.71764968989464,514.0135435928232,262.85537002911,0.0,91.78875786019312,False,False,False,False,False,True,,
44,415,28.937248005439344,34.32098373649046,-18.096762653954812,58.79927410607419,309.5092427828861,165.9489562597911,183.42390200521845,177.72043769405198,300.0,31.647737766188566,False,False,False,False,False,True,,
44,416,65.93638747736827,-66.71954971897249,12.677147592311186,-31.914930494554135,183.85357823064084,1.5441689286680171,170.12032826146307,498.405856960905,0.0,63.62317307782446,False,False,False,False,False,True,,
44,417,-44.73905573318774,-73.88017508941999,-61.28947081294518,79.84732892062905,348.1750786628305,215.58638235827803,224.03452569902413,247.0999904917338,300.0,121.25222038373312,False,False,False,False,False,True,,
44,418,-38.47505723940294,-61.35441054074146,-50.592026380810765,-9.47612668432059,123.4145496552543,327.6897927356374,190.67599751522903,401.4178640690738,0.0,53.27454623984335,False,False,False,False,False,True,,
44,419,66.05846721212609,33.64100617931413,-0.39684766858910336,54.629035633223026,230.8583659878496,17.87559762954421,403.0000180848833,479.32304118096096,78.60000000000001,67.19735941578327,False,False,False,False,False,True,,
44,420,66.81818140798077,-2.587046885979717,-66.04300151459084,71.95789944141885,298.38326208045936,65.78177407604899,296.1841815211361,288.62437329564136,300.0,115.0684983342016,False,False,False,False,False,True,,
44,421,-55.79686041167076,62.58066401874507,16.46210035841483,60.61936913509433,173.0466606257425,50.18113063204579,158.46386270253637,507.24877246473994,0.0,72.28557317468959,False,False,False,False,False,True,,
44,422,21.712813473739075,-57.67396021997614,7.869180272258532,-27.906089902314108,182.7857238045999,244.4861506717464,373.763114082896,503.42042687335186,0.0,32.82944232645871,False,False,False,False,False,True,,
44,423,40.029364365261955,-21.81794121701639,-55.51521576848611,13.75844691584716,63.00346391525365,127.8531045453956,369.0904331162098,537.4111643002038,300.0,87.78580688992837,False,False,False,False,False,True,,
44,424,-36.778307498710575,21.19174044226611,-51.32785910786971,77.2870054060113,293.03428322491055,352.87800390706326,234.37206367914544,384.81086866311523,0.0,57.95142969228942,False,False,False,False,False,True,,
44,425,32.07801782072502,-55.542109605529326,0.6246745156657738,-0.09347679040230616,322.33952168770327,324.0684363818232,548.3120675896707,251.10916878722756,300.0,39.52263127816452,False,False,False,False,False,True,,
44,426,-5.776463348925233,-8.963255631931133,-4.182407537977639,69.47061740860227,282.7548246806699,13.797727466751418,161.25255763383163,549.744283494636,0.0,78.45006981556439,False,False,False,False,False,True,,
44,427,47.8495122339976,-23.68286319497866,-55.795890175382695,56.317823672012224,146.90846472912213,355.5925327527856,301.35554323754434,278.2491336170309,0.0,130.92929137436246,False,False,False,False,False,True,,
44,428,3.911062349161355,32.33933173946872,-24.07581177375974,-6.160918360996575,162.26091745386606,50.53762676394549,333.70402964226037,286.47601180635286,300.0,18.30344124414039,False,False,False,False,False,True,,
44,429,79.2386100383255,50.20530330497132,-48.34848315676872,-72.19589417109377,45.09116440980541,341.7027332242708,236.0190174132014,375.50104544383726,0.0,176.80644641400477,False,False,False,False,False,True,,
44,430,72.48044070170391,-46.44081152220686,15.803003549311399,-52.9374767296016,13.72731844814889,70.09390897472701,416.1560551222258,436.6115143436723,300.0,41.412416759259436,False,False,False,False,False,True,,
44,431,39.656572137381005,51.153438978835226,-13.061013775099966,-57.603476541555096,305.3956844213684,297.3143877665055,201.22817282577907,500.04372226437874,0.0,120.86029347121878,False,False,False,False,False,True,,
44,432,-26.64984243175919,58.31366296330552,45.39284822403556,-45.702115348111136,203.45592856749911,327.9764846913011,435.8064073178932,369.65869752403387,300.0,83.12955105730057,False,False,False,False,False,True,,
44,433,44.74600379522931,-9.676402628977243,23.533830051578647,-27.33047802806469,73.31298368076862,37.43224699527897,471.3530922883569,177.07114519215534,0.0,27.59751244455716,False,False,False,False,False,True,,
44,434,-77.61941845822193,52.068758136711295,33.91390046282659,8.962050224610664,322.0053783664162,260.4319505509045,415.0370962307843,418.9931897518265,9.55,119.56831551996245,False,False,False,False,False,True,,
44,435,-10.310316779224621,-55.01023606161597,38.6536634796815,-1.0392027966178574,202.114247194022,215.712434614564,393.26612161255605,423.2494095757249,300.0,68.98819166440208,False,False,False,False,False,True,,
44,436,-10.87921394324384,-53.456614305154844,-70.91766333143045,53.889620468494,125.84966502726462,345.8332486808271,316.2596031791451,449.09452457908105,0.0,122.99524187958322,False,False,False,False,False,True,,
44,437,-34.000272045163356,1.9966934470373303,-70.29835131811299,62.600824757216856,95.1591164828687,252.44286565908237,428.81422709916797,475.45869976198185,0.0,70.64284316735007,False,False,False,False,False,True,,
44,438,-6.174247454271651,67.65952315277693,34.26475006709623,-37.89050490580024,66.7328245000024,153.17246446344078,268.6361360750004,529.1795697295634,0.0,113.03150420878077,False,False,False,False,False,True,,
44,439,-9.752762348971928,6.163091920741991,34.882402078073,-74.20057595239908,72.17923218326054,154.4259503685163,368.6511497561162,484.37927654159967,0.0,91.92723762549304,False,False,False,False,False,True,,
44,440,-37.530870162235175,-15.263957261523899,-63.59070065323429,-76.42519657441129,1.4744207779959906,21.841397459248153,150.5630379003964,157.99060277631648,300.0,65.12884322835349,False,False,False,False,False,True,,
44,441,72.73067551103009,49.722722440445125,-73.56830859095501,-64.12044041498959,238.96964217659928,282.8463254119454,530.0548359176863,329.95828114375536,300.0,159.72684485044087,False,False,False,False,False,True,,
44,442,-51.77279170970156,-35.06512987432238,-22.91490441160615,-27.552063089421765,143.48155352530353,78.4815357486624,341.58192892809495,215.3731176810286,0.0,29.81985633473027,False,False,False,False,False,True,,
44,443,61.40690355114958,-66.18607950835707,66.12815151773083,-43.726741963358364,185.37528932861522,128.55394639015083,214.4966909306245,195.47996316043216,0.0,22.950207522419834,False,False,False,False,False,True,,
44,444,-6.931790776348436,-63.4119226912665,7.748521897132946,-4.738809295163136,217.92740188859995,168.91189038369694,261.32182011491534,328.742872680971,200.60000000000002,58.82476796546973,False,False,False,False,False,True,,
44,445,72.42258971567495,-4.858490807613663,53.92641417419125,43.99928353281915,134.84874622096865,207.19610301380322,223.86661835262274,480.3930345814433,102.9,50.52630504229414,False,False,False,False,False,True,,
44,446,4.895249311234409,53.87328005248236,66.81504347257291,-20.422204732001248,318.3355431517992,49.25274081765062,429.3598770381001,429.0067602100638,0.0,96.71545878681424,False,False,False,False,False,True,,
44,447,-72.3239753760602,4.513061951828604,35.45302618167679,51.96966891012437,87.78880222174601,254.3904047183439,368.99682005700936,175.5615550596521,300.0,75.86856846824053,False,False,False,False,False,True,,
44,448,22.116094919323046,57.16904427159116,23.713429155922867,-40.75414180440505,41.979460519427704,272.5835560005574,239.0997682521696,475.5789356316563,0.0,97.93621315906385,False,False,False,False,False,True,,
44,449,17.170891460627615,69.20555266723261,-25.589192826851956,-79.11352252555615,89.01088806704969,269.8451883870564,351.94987627810013,257.0366184637373,0.0,154.35988103881294,False,False,False,False,False,True,,
44,450,69.12082377987412,-75.95684916791376,40.25702561945245,16.552741891526352,168.92107246048906,60.96881226243632,420.2978776685267,342.55432770708586,0.0,96.90791135005647,False,False,False,False,False,True,,
44,451,-29.455609955587185,-49.77663284615461,-65.15819979573433,49.12689933807761,30.30879098870301,92.32864215945959,246.57816494529015,221.31629716910612,300.0,85.0336777027585,False,False,False,False,False,True,,
44,452,0.1391037562564179,-77.27602147190412,34.60007504061879,57.07858745720182,207.8118194052508,31.236319657204422,473.6601281087532,336.85783329127787,0.0,138.70371113403795,False,False,False,False,False,True,,
44,453,74.20553542289494,-54.28372334443406,-64.61271806374926,38.54963940998363,272.4140400854058,316.102139913963,301.4274692464021,169.99927418839354,300.0,160.19936649860603,False,False,False,False,False,True,,
44,454,15.900711564577819,16.20067023734518,8.993252425695033,71.26197418717359,217.3513938675236,100.2379590207162,446.23990282845824,353.6918419834193,0.0,55.492884088058766,False,False,False,False,False,True,,
44,455,-79.80494374218473,67.99003257618685,-1.1257646780054813,35.35864042067101,209.6167937270124,119.84643903605556,345.9812988887004,287.0363975056326,0.0,85.1775849165744,False,False,False,False,False,True,,
44,456,-1.5642401810354158,-53.7334059113541,39.679936242811465,-63.1000422141105,271.44822131933915,46.471097729152376,342.2550455938399,537.97914861906,0.0,42.294396372445384,False,False,False,False,False,True,,
44,457,51.60995143549172,-4.163326098824541,18.635283196118664,-25.099424923877308,327.2591215134854,266.84977339514427,267.98840417629833,153.76127129681896,0.0,39.05955682683937,False,False,False,False,False,True,,
44,458,-59.15760393460033,-30.76418252692774,-2.1251778510966517,39.32543111322367,178.44703297969994,253.97773669121025,360.6110468188091,503.28772695509826,155.20000000000002,87.30014858676572,False,False,False,False,False,True,,
44,459,47.73979325745067,-36.34438487982525,62.919221092714594,-43.706692426627015,166.7574851425269,175.33260789916577,306.91914621575063,308.4840389850036,300.0,13.98749374802314,False,False,False,False,False,True,,
44,460,14.861393856787188,-3.0732554378409986,-10.292852616358047,-2.5614923550752877,36.89355922105879,213.09356965386746,353.9024130847773,294.63925246876045,0.0,25.15945184388208,False,False,False,False,False,True,,
44,461,19.48378087411413,-54.48803015268369,16.975615316934295,-34.58178196451055,132.6096887899962,52.57049234164781,201.13982136904767,164.630196912425,0.0,20.06363903660973,False,False,False,False,False,True,,
44,462,34.09899865497522,78.31173358318864,-23.799659082887672,33.358501108948104,204.98150376217768,82.64277770727334,254.21764326834074,398.59638351896444,300.0,26.802970359453862,False,False,False,False,False,True,,
44,463,-18.639135889524603,-6.874251841975294,18.958969851550677,66.91289151292037,162.27392569860075,236.4084174769326,439.7391024846019,541.3076066243079,133.20000000000002,79.81602412367833,False,False,False,False,False,True,,
44,464,21.567240212818874,48.6021988172196,44.22571374639281,52.152730394658164,198.69924332488878,254.80422898643363,330.76009137970607,464.01712378858,165.60000000000002,14.180622458150024,False,False,False,False,False,True,,
44,465,-51.982817487884944,-44.10566270897094,-72.63180446692486,32.67798573533375,103.75036051322859,43.8499093102844,242.39085163129948,271.6693647054227,0.0,79.51169305001079,False,False,False,False,False,True,,
44,466,7.832777657146281,-39.67038936536538,43.53763558388087,-55.36800341986478,201.79844872505942,169.94057631634158,483.22675001735394,356.0082311808989,0.0,39.00323020689849,False,False,False,False,False,True,,
44,467,-15.002864996250608,37.54699668290448,63.834878985696434,-13.883068537749779,123.20424385866724,326.47716960744503,445.06855140205784,251.49700440734395,300.0,38.71503234910088,False,False,False,False,False,True,,
44,468,-44.27640333278737,29.0896220561622,-55.849650839494686,-70.40487992968673,248.6445844464275,255.2229089801655,349.2080058471637,244.6989424225298,300.0,94.19163071965042,False,False,False,False,False,True,,
44,469,57.905888789929634,6.0483410513710965,23.68707795611273,62.401896126462816,304.3598664850662,253.94799559780563,238.39463324676154,207.51146710851245,300.0,53.05511216185766,False,False,False,False,False,True,,
44,470,11.415831404819414,23.762490365680904,5.513880537308211,36.17744998284614,189.4274766517904,187.0278754147577,412.4065432289491,357.2746452199542,0.0,13.746426675262189,False,False,False,False,False,True,,
44,471,11.506722804745309,-36.1363874533462,-21.032283427229274,-64.65732178170894,56.10203165234801,86.15982198647734,363.44058367873293,295.44412961119093,0.0,43.269280344457556,False,False,False,False,False,True,,
44,472,-8.752266948429735,6.352311520622962,74.57538718226937,68.0008928482001,92.59870584252266,227.81263359622653,264.0487097494438,430.10869280167816,300.0,51.945788136988526,False,False,False,False,False,True,,
44,473,-27.86697699333024,-69.71263745070212,57.55625832044643,11.274779853433643,343.4909838999413,124.05015492192962,265.3977129477295,224.5260395470031,143.0,116.27661039046103,False,False,False,False,False,True,,
44,474,-22.463665652199545,68.1695070642356,-24.07477391141532,-72.20437407655977,8.530303387528306,35.26296340467167,200.65353723652902,540.3251115407883,300.0,122.12530752027251,False,False,False,False,False,True,,
44,475,-36.80081613406777,-35.689859965757655,44.3494023382908,19.832390914725494,247.56384583816137,21.695228061310317,439.8075084265626,423.10025862867406,0.0,98.32638659559721,False,False,False,False,False,True,,
44,476,62.20414702817533,62.103992497761396,-10.938774342733964,-10.605867001832422,245.03192965426507,325.21221811063646,194.60666060787858,405.9894198200516,300.0,86.56861143913447,False,False,False,False,False,True,,
44,477,61.623014700196194,79.95344416074457,-28.625957468422065,74.53718421303165,278.91644211515495,133.73988793683714,250.40367718138367,535.6412132191334,300.0,54.3948037827854,False,False,False,False,False,True,,
44,478,56.48363501870756,26.696477848287515,-13.422925391209702,-67.83669195132299,62.57391557400175,26.48115991691993,308.0155617322847,164.44335479053316,0.0,117.57315756884053,False,False,False,False,False,True,,
44,479,-14.882848703440459,-43.77715384095792,-0.8454967558630528,68.74514891538823,95.44712550445686,131.79882507889616,231.3622058414307,358.2735046298327,300.0,95.98862580250139,False,False,False,False,False,True,,
44,480,36.50679709423986,-34.268002052185444,-10.612715944217896,66.30655335674527,34.62833764984508,198.31681538908558,160.56507831460686,502.48623687470877,300.0,84.19804529688105,False,False,False,False,False,True,,
44,481,-62.58692286460034,69.9484863130487,60.74583002735818,23.928321411586808,343.75118270381176,127.61754554931971,437.0758992986578,194.24872195464621,0.0,131.63898933623977,False,False,False,False,False,True,,
44,482,-17.88627664504787,-77.37704924451562,3.6227276817398035,-5.488271434566357,156.6240224955542,62.74603712654359,471.47628510599134,360.21211272445015,0.0,75.03754821513043,False,False,False,False,False,True,,
44,483,-57.3364090682727,-5.819416337969173,-2.0828329038412363,77.67884683728272,37.31487374190979,296.33856205353925,451.40011342581244,379.93187130144804,300.0,67.75102635735696,False,False,False,False,False,True,,
44,484,45.50821361858597,39.54065669036318,24.34442231288783,-16.3600363362479,67.44426402264519,132.63877139551897,212.20306145870973,216.91599340669285,0.0,59.77284954966217,False,False,False,False,False,True,,
44,485,46.63263619275321,65.20280943661163,13.392415828439383,-52.07040583167908,2.974363715194861,327.4211388416488,358.3914537526608,535.3622657196395,25.6,121.87173702273395,False,False,False,False,False,True,,
44,486,78.95998010513136,-74.42794021900039,-78.30452430658946,-78.15429855655572,282.6758956452115,95.48693192002467,349.7771200752113,518.2005800504136,300.0,87.01632970115013,False,False,False,False,False,True,,
44,487,2.9026539758800425,-3.2940002705225595,20.207514168342996,-6.268985292482057,75.97423917282751,61.07030850349303,392.53970561538375,362.1109002600622,300.0,12.53554648059,False,False,False,False,False,True,,
44,488,57.47344688246025,12.141197595138266,-64.94394697785283,70.78877938157251,341.48169497376784,313.26388547509805,362.8391050240035,531.7672925194595,0.0,135.7407719476632,False,False,False,False,False,True,,
44,489,-31.43459758075341,79.77630637687349,74.63042615198859,64.84791554822885,314.0250938639477,263.80269381019883,468.2241043407573,155.6399932482879,0.0,107.11043885709685,False,False,False,False,False,True,,
44,490,45.94796953265843,22.252677618718224,70.2126668300159,38.748130332780676,64.05109330500176,179.32922639751936,193.7838131835773,431.3202544721644,154.0,17.918272510690418,False,False,False,False,False,True,,
44,491,-38.140693198646254,-41.45846155654038,-16.100963542634474,-33.507795416398935,112.51170865847689,337.5764660841618,515.7611853915358,250.61711363538888,64.75,19.585728436073882,False,False,False,False,False,True,,
44,492,73.9075471308436,25.352549278824256,39.88148281764319,37.93813134786416,36.145005785006816,176.64017616461902,236.50476300056425,489.4100280517688,36.300000000000004,35.60806569803359,False,False,False,False,False,True,,
44,493,-19.903566203935483,-8.299203560899869,2.775773532351252,29.41098366514882,193.34701718106817,349.62940401873317,242.32407328949336,379.91450308738314,0.0,44.00466647410886,False,False,False,False,False,True,,
44,494,-74.54051331215868,-56.99360640653681,-54.63222365256803,78.43592755252536,87.08387231997217,264.1423360719084,217.43608352026428,203.29060398534688,257.6,133.5359857319997,False,False,False,False,False,True,,
44,495,-50.638998768976734,36.20591958568254,-38.46496636018672,-40.25864205607995,103.99603947599316,305.31545068968774,180.1473364978172,549.660269938599,244.25,60.04833635542504,False,False,False,False,False,True,,
44,496,49.142402995305304,19.258002528583447,-4.729835199344592,4.147393941638796,38.05591759052399,2.368441815269735,462.4692125452792,203.060906257762,0.0,55.95130507833522,False,False,False,False,False,True,,
44,497,-23.427291474018276,-65.4758470628922,24.899251698814567,-49.94065351021369,259.10832806301096,127.10323975840795,404.3589859296717,276.90803514099485,0.0,50.76216123999116,False,False,False,False,False,True,,
44,498,30.029313761346188,-21.26528022017004,4.507859074474595,-6.3826211426573,103.18442795150803,217.93927535556878,549.5812960267649,280.706354373958,0.0,29.54383506844554,False,False,False,False,False,True,,
44,499,47.02352874857924,-28.127479621247872,-52.02875923310009,78.18462620655907,82.15841826189842,34.517881150385804,493.9061506153462,356.6616680681774,0.0,145.30526349705423,False,False,False,False,False,True,,
